sample_id,base_polymer,additive,second_additive,additive_loading_wt%,second_additive_loading_wt%,base_polymer_mw_g_per_mol,filler_particle_size_um,compounding_temperature_C,compounding_time_min,screw_speed_rpm,cooling_rate_C_per_min,draw_ratio,annealing_moisture_ppm,film_thickness_um,operator,production_line,lab_humidity_percent,ambient_temperature_C,qc_batch,noise_index,tensile_strength_MPa,transparency_percent,oxygen_permeability_cc_mm_m2_day_atm
PF-0001,Poly(lactic acid),Glycerol,Maleic anhydride,15.91,0.39,98498.0,7.73,195.0,27.5,113.0,49.9,2.18,123.0,287.5,Op-C,Line-1,52.8,23.0,Q-016,0.0796,47.6,94.52,635.688
PF-0002,Poly(lactic acid),2-Hydroxy-4-methoxybenzophenone,Pentaerythritol,1.17,1.28,159995.0,19.95,187.5,24.5,265.0,75.6,1.62,3784.0,81.3,Op-E,Line-1,65.1,29.3,Q-019,0.8754,64.92,93.54,
PF-0003,Poly(lactic acid),Benzophenone,Sorbitol,1.4,0.94,94480.0,8.17,195.2,25.6,387.0,19.9,2.66,779.0,192.9,Op-A,Line-2,20.3,18.4,Q-019,0.6055,65.77,93.18,389.995
PF-0004,Polycarbonate,Triacetin,Sorbitol,3.4,1.04,36126.0,2.34,270.3,13.5,334.0,,,3379.0,35.8,Op-F,Line-1,48.9,18.5,Q-025,0.0866,68.4,93.48,1575.349
PF-0005,Poly(methyl methacrylate),Dioctyl phthalate,Zinc stearate,18.29,0.51,111230.0,14.25,233.8,11.2,343.0,95.6,4.53,999.0,209.9,Op-A,Line-2,31.7,21.2,Q-011,0.4722,65.86,96.41,536.832
PF-0006,Poly(ethylene terephthalate),Stearic acid,None,1.84,0.0,49445.0,6.99,275.0,20.0,296.0,76.7,4.48,3425.0,135.7,Op-D,Line-2,48.3,20.5,Q-013,0.9429,90.45,94.28,40.126
PF-0007,Polystyrene,Titanium dioxide,Sorbitol,10.13,1.72,193036.0,18.57,232.5,28.3,,32.2,1.84,2649.0,165.5,Op-C,Line-1,64.2,24.9,Q-023,0.7055,40.97,61.31,1121.393
PF-0008,Poly(vinyl alcohol),Glycerol,Pentaerythritol,12.7,,124669.0,0.61,192.2,17.1,257.0,22.5,1.37,2521.0,91.8,Op-A,Line-3,41.5,20.2,Q-043,0.1484,69.82,94.28,7.439
PF-0009,Poly(vinyl chloride),Triacetin,Sorbitol,17.43,0.9,126985.0,2.8,178.8,22.3,281.0,15.7,3.37,1519.0,75.5,Op-F,Line-2,41.8,23.5,Q-019,0.6509,56.06,,190.209
PF-0010,Poly(lactic acid),Irganox 1010,None,0.97,0.0,189703.0,0.93,199.4,12.9,224.0,47.9,1.88,2235.0,46.1,Op-D,Line-1,,21.3,Q-011,0.569,61.77,92.37,409.556
PF-0011,Poly(methyl methacrylate),Benzophenone,None,2.91,0.0,114174.0,18.31,222.5,17.7,314.0,,3.93,601.0,250.0,Op-F,Line-3,59.4,18.2,Q-050,0.7538,82.32,97.3,351.921
PF-0012,Poly(vinyl alcohol),Titanium dioxide,Maleic anhydride,10.73,,93269.0,15.09,199.6,22.9,165.0,34.0,2.79,3489.0,35.3,Op-E,Line-3,56.4,27.1,Q-042,0.0536,81.66,64.09,4.664
PF-0013,Polyethylene,Acetyl tributyl citrate,Maleic anhydride,22.68,1.08,164500.0,5.29,198.8,7.6,145.0,3.6,3.92,4607.0,150.0,Op-E,Line-3,25.1,23.5,Q-033,0.7272,10.18,84.68,1588.498
PF-0014,Polypropylene,Erucamide,Maleic anhydride,1.24,1.8,235281.0,1.2,207.2,26.0,272.0,55.8,1.95,263.0,254.6,Op-E,Line-3,65.9,26.5,Q-055,0.4973,41.92,91.42,2101.201
PF-0015,Polyethylene,Butylated hydroxytoluene,Pentaerythritol,0.21,1.81,173892.0,10.92,186.1,16.4,,21.9,2.3,3487.0,291.1,Op-D,Line-2,23.1,21.0,Q-056,0.2975,24.4,88.7,1758.251
PF-0016,Poly(methyl methacrylate),Dibutyl phthalate,Maleic anhydride,20.65,2.94,119774.0,7.13,209.0,18.4,,63.0,2.91,2779.0,,Op-D,Line-2,45.7,22.0,Q-014,0.5114,63.98,92.6,512.045
PF-0017,Nylon 6,Triacetin,Sorbitol,,1.8,34081.0,11.35,239.7,15.0,89.0,59.6,3.22,2160.0,13.4,Op-F,Line-2,36.0,20.9,Q-023,0.2398,85.07,,37.404
PF-0018,Polypropylene,Talc,None,6.72,0.0,315675.0,8.82,204.7,4.6,150.0,17.8,3.91,4737.0,73.5,Op-E,Line-3,20.8,,Q-056,0.6276,45.53,70.88,673.56
PF-0019,Poly(methyl methacrylate),Calcium carbonate,None,23.13,0.0,82102.0,17.92,227.5,20.9,275.0,15.4,3.28,2354.0,246.8,Op-E,Line-2,56.4,29.7,Q-013,0.8163,74.81,48.38,113.985
PF-0020,Poly(ethylene terephthalate),Dioctyl phthalate,Maleic anhydride,9.41,2.08,78374.0,15.94,275.9,,56.0,63.0,2.71,1212.0,105.9,Op-A,Line-2,35.7,28.7,Q-018,0.8869,81.1,93.61,60.036
PF-0021,Nylon 6,Benzophenone,Sorbitol,1.3,0.95,36983.0,8.13,254.1,2.4,374.0,15.6,2.71,3411.0,161.9,Op-E,Line-3,47.4,27.8,Q-043,0.3695,84.94,86.36,29.664
PF-0022,Polystyrene,Triacetin,None,14.95,0.0,318157.0,19.23,218.3,27.0,332.0,89.8,4.09,3395.0,246.1,Op-D,Line-2,47.5,26.2,Q-039,0.1237,50.75,97.86,2998.011
PF-0023,Nylon 6,Irganox 1010,None,0.31,0.0,37799.0,13.84,257.7,,302.0,30.0,3.92,4517.0,120.5,Op-A,Line-3,31.1,18.8,Q-004,0.4782,90.09,85.96,
PF-0024,Poly(vinyl alcohol),Triacetin,Sorbitol,16.22,0.88,116647.0,6.92,203.9,2.5,168.0,18.2,,4108.0,142.4,Op-A,Line-2,53.1,27.2,Q-051,0.0995,67.45,93.39,
PF-0025,Poly(lactic acid),Talc,Pentaerythritol,8.29,1.17,139087.0,4.45,200.3,13.2,120.0,58.5,3.65,3566.0,230.5,Op-E,Line-3,57.9,24.4,Q-031,0.9637,68.3,76.92,241.455
PF-0026,Polyethylene,Titanium dioxide,None,19.47,0.0,223593.0,17.9,197.5,17.1,,10.2,2.45,2184.0,145.7,Op-D,Line-2,65.8,27.7,Q-051,0.2936,25.39,33.88,756.125
PF-0027,Poly(methyl methacrylate),Triacetin,Pentaerythritol,17.53,1.39,84193.0,8.87,241.3,23.0,85.0,22.0,1.14,391.0,11.4,Op-B,Line-3,32.8,18.4,Q-048,0.1232,51.2,92.19,536.044
PF-0028,Polyethylene,Glycerol,None,2.31,0.0,103792.0,18.92,177.3,,277.0,,3.33,4175.0,193.8,Op-E,Line-2,43.9,24.8,Q-001,0.5267,27.79,91.59,1471.497
PF-0029,Polyethylene,Stearic acid,Pentaerythritol,1.05,1.92,188416.0,,148.8,5.3,102.0,7.0,3.96,4543.0,284.5,Op-E,Line-3,30.3,24.8,Q-039,0.1564,,83.2,1385.598
PF-0030,Poly(lactic acid),2-Hydroxy-4-methoxybenzophenone,Maleic anhydride,0.68,1.47,124146.0,10.61,178.4,27.0,123.0,89.3,2.81,1194.0,238.2,Op-E,Line-3,24.7,20.7,Q-027,0.6316,66.17,92.04,707.473
PF-0031,Polyethylene,Benzophenone,Maleic anhydride,2.02,,204931.0,6.96,161.6,27.1,310.0,50.8,4.86,3766.0,276.8,Op-A,Line-3,,,Q-044,0.5025,39.28,88.87,1460.196
PF-0032,Poly(vinyl chloride),Titanium dioxide,Zinc stearate,15.64,0.94,63562.0,2.19,194.9,25.4,337.0,69.7,2.8,893.0,10.2,Op-C,Line-1,60.8,29.3,Q-021,0.4723,63.24,51.15,97.194
PF-0033,Poly(vinyl chloride),Titanium dioxide,Sorbitol,19.52,0.16,106590.0,9.79,177.0,6.6,107.0,12.0,2.15,486.0,165.7,Op-B,Line-2,56.1,21.6,Q-011,0.0643,62.64,30.38,28.399
PF-0034,Poly(vinyl chloride),Glycerol,None,6.36,0.0,65771.0,13.07,171.1,,209.0,83.5,1.27,2700.0,80.7,Op-B,Line-2,37.6,29.0,Q-003,0.5543,54.43,84.46,171.512
PF-0035,Polycarbonate,Stearic acid,Pentaerythritol,2.67,0.53,45212.0,2.48,279.7,15.5,88.0,71.9,1.64,4501.0,103.3,Op-A,Line-2,47.8,28.6,Q-025,0.7002,70.46,91.17,871.91
PF-0036,Polyethylene,Acetyl tributyl citrate,None,23.54,0.0,123430.0,11.78,168.0,17.3,109.0,94.8,1.15,4962.0,259.5,Op-D,Line-1,58.0,19.1,Q-019,0.2032,5.24,91.17,3818.752
PF-0037,Polypropylene,Talc,None,18.25,0.0,206396.0,17.37,205.8,22.6,312.0,15.8,1.58,4817.0,269.9,Op-F,Line-1,57.6,21.9,Q-059,0.1067,39.41,52.23,438.896
PF-0038,Poly(lactic acid),Acetyl tributyl citrate,None,22.61,0.0,174344.0,6.48,187.5,12.3,108.0,74.5,1.09,4011.0,78.2,Op-E,Line-1,53.5,27.0,Q-032,0.8282,,,961.191
PF-0039,Poly(lactic acid),Irganox 1010,Zinc stearate,0.26,1.0,159257.0,1.46,185.0,,273.0,,3.9,2443.0,71.1,Op-D,Line-3,31.3,21.2,Q-020,0.5911,65.62,90.43,297.312
PF-0040,Polystyrene,Irganox 1010,None,0.45,0.0,341070.0,11.42,232.1,27.7,,28.2,,3920.0,290.8,Op-B,Line-2,21.7,19.4,Q-057,0.6395,62.05,91.53,1558.139
PF-0041,Poly(vinyl alcohol),Dibutyl phthalate,Pentaerythritol,23.51,1.1,76471.0,9.92,223.5,21.1,177.0,69.7,2.92,4311.0,198.7,Op-F,Line-3,49.0,27.1,Q-044,0.7056,54.43,93.64,10.308
PF-0042,Polyethylene,Butylated hydroxytoluene,Pentaerythritol,0.47,0.66,98108.0,10.0,187.3,3.9,217.0,72.9,3.85,3756.0,132.5,Op-D,Line-1,37.9,26.5,Q-019,0.9559,24.05,89.23,1560.899
PF-0043,Polystyrene,Glycerol,Zinc stearate,15.41,1.53,218360.0,5.61,209.5,8.5,365.0,90.2,3.24,3715.0,42.4,Op-E,Line-2,70.0,24.4,Q-004,0.0827,44.35,93.58,4413.502
PF-0044,Poly(vinyl chloride),Irganox 1010,Sorbitol,,1.09,121431.0,12.03,171.4,,314.0,68.5,3.02,1702.0,14.5,Op-B,Line-1,68.0,24.2,Q-041,0.3215,64.25,87.17,94.982
PF-0045,Polyethylene,Titanium dioxide,Sorbitol,6.22,1.98,97247.0,8.6,176.1,8.0,298.0,,1.45,1985.0,53.8,Op-E,Line-3,54.6,27.9,Q-059,0.3619,25.51,72.64,999.191
PF-0046,Nylon 6,Erucamide,Pentaerythritol,1.48,0.47,22267.0,8.52,237.5,3.8,375.0,63.1,3.35,2059.0,88.8,Op-A,Line-3,30.2,25.1,Q-058,0.4035,81.48,88.41,
PF-0047,Polypropylene,Calcium carbonate,None,,0.0,388820.0,9.54,212.3,2.8,,67.3,1.35,4597.0,242.2,Op-D,Line-2,64.5,22.7,Q-019,0.8997,36.13,76.85,1079.825
PF-0048,Polyethylene,2-Hydroxy-4-methoxybenzophenone,Zinc stearate,0.26,1.56,173934.0,17.65,170.6,3.3,250.0,,2.38,3413.0,11.0,Op-D,Line-1,64.9,29.2,Q-027,0.1743,21.75,89.71,917.6
PF-0049,Poly(ethylene terephthalate),Triacetin,None,9.51,0.0,39180.0,5.29,269.0,18.1,,73.5,4.47,764.0,288.1,Op-E,Line-2,27.6,26.1,Q-028,0.9568,89.59,92.04,45.372
PF-0050,Polystyrene,Irganox 1010,None,0.13,,330971.0,16.8,195.7,16.8,54.0,78.7,4.57,2334.0,61.7,Op-F,Line-2,47.0,22.3,Q-031,0.3734,55.22,95.27,1580.979
PF-0051,Polyethylene,Acetyl tributyl citrate,Pentaerythritol,10.32,1.38,207507.0,3.62,185.1,18.9,289.0,44.4,4.03,3717.0,17.3,Op-E,Line-2,26.1,19.2,Q-042,0.017,27.24,89.6,1574.602
PF-0052,Polypropylene,Erucamide,Maleic anhydride,0.26,0.32,168122.0,3.97,195.7,7.2,377.0,13.9,2.12,311.0,74.2,Op-C,Line-2,22.2,21.2,Q-024,0.2987,37.86,87.13,742.651
PF-0053,Polycarbonate,Talc,Maleic anhydride,5.72,1.41,55497.0,10.14,246.2,9.9,211.0,6.4,2.1,2440.0,,Op-A,Line-1,39.7,22.2,Q-059,0.7133,74.26,,532.594
PF-0054,Nylon 6,Dioctyl phthalate,Zinc stearate,5.77,1.91,26902.0,19.29,251.7,8.0,236.0,33.8,1.74,,148.4,Op-F,Line-3,24.4,28.6,Q-047,0.9407,78.64,86.66,45.641
PF-0055,Poly(ethylene terephthalate),Acetyl tributyl citrate,Maleic anhydride,5.15,2.82,60622.0,18.72,266.8,,340.0,25.0,2.93,,240.6,Op-F,Line-3,20.9,26.9,Q-041,0.5805,92.24,93.15,51.351
PF-0056,Poly(vinyl alcohol),Butylated hydroxytoluene,Pentaerythritol,0.27,1.07,113056.0,2.1,194.3,21.2,121.0,3.0,1.66,3954.0,275.3,Op-B,Line-3,25.2,28.1,Q-022,0.1773,76.78,93.52,2.96
PF-0057,Poly(methyl methacrylate),Erucamide,None,0.45,0.0,137860.0,1.86,213.0,23.9,368.0,44.2,1.61,2778.0,187.7,Op-A,Line-3,66.1,29.7,Q-018,0.5428,76.91,97.09,480.017
PF-0058,Poly(vinyl alcohol),Irganox 1010,Pentaerythritol,0.46,0.37,113687.0,14.52,201.1,,341.0,24.1,2.21,3310.0,,Op-D,Line-1,53.5,25.0,Q-028,0.5131,79.88,95.61,2.536
PF-0059,Polyethylene,Irganox 1010,None,0.3,0.0,127157.0,9.37,195.5,19.4,83.0,43.8,1.46,698.0,37.9,Op-C,Line-1,41.1,21.9,Q-042,0.6697,16.87,86.57,2183.769
PF-0060,Polystyrene,Titanium dioxide,Maleic anhydride,15.53,1.8,197805.0,12.09,215.4,,295.0,11.9,1.36,2056.0,204.9,Op-F,Line-2,34.0,27.5,Q-042,0.0682,56.29,56.74,1448.062
PF-0061,Poly(methyl methacrylate),Acetyl tributyl citrate,None,3.16,,93400.0,11.53,231.0,28.2,139.0,32.2,2.04,2248.0,,Op-A,Line-3,59.0,,Q-034,0.7629,68.01,,344.198
PF-0062,Nylon 6,2-Hydroxy-4-methoxybenzophenone,Pentaerythritol,,1.39,36240.0,8.92,243.8,14.7,373.0,91.7,3.48,122.0,258.0,Op-B,Line-1,52.6,19.3,Q-029,0.9069,96.21,91.38,20.282
PF-0063,Nylon 6,Erucamide,Maleic anhydride,0.59,0.35,35956.0,6.53,248.7,4.9,267.0,40.9,1.41,1116.0,288.7,Op-B,Line-3,66.1,18.3,Q-018,0.8258,83.3,86.3,39.799
PF-0064,Poly(methyl methacrylate),Dioctyl phthalate,Pentaerythritol,21.55,0.35,171106.0,15.99,224.0,10.3,71.0,80.9,1.71,1230.0,108.0,Op-D,Line-3,27.2,26.3,Q-049,0.4018,61.42,95.79,1213.093
PF-0065,Poly(vinyl chloride),Erucamide,None,1.02,0.0,97725.0,11.94,178.3,24.7,352.0,75.7,3.19,99.0,116.6,Op-F,Line-2,53.9,25.4,Q-057,0.4946,64.18,87.03,
PF-0066,Polyethylene,Irganox 1010,Maleic anhydride,0.29,2.53,89552.0,5.86,155.6,,51.0,74.1,3.95,208.0,278.6,Op-B,Line-3,67.9,25.8,Q-038,0.5981,19.71,88.33,1375.903
PF-0067,Polypropylene,Dioctyl phthalate,None,28.94,0.0,308717.0,11.49,189.2,21.2,70.0,44.5,2.41,698.0,56.4,Op-A,Line-3,,23.8,Q-039,0.4938,,89.67,1748.761
PF-0068,Polypropylene,2-Hydroxy-4-methoxybenzophenone,None,1.26,0.0,151047.0,8.06,210.9,,156.0,36.0,3.96,3836.0,142.7,Op-C,Line-1,62.1,23.4,Q-036,0.796,46.92,87.59,1362.526
PF-0069,Polypropylene,Acetyl tributyl citrate,Maleic anhydride,10.55,2.64,162119.0,17.66,197.0,24.0,,84.6,1.4,3800.0,259.8,Op-C,Line-1,27.0,19.8,Q-020,0.125,35.45,92.78,1310.442
PF-0070,Poly(vinyl chloride),Dioctyl phthalate,None,,0.0,94142.0,17.6,174.1,29.8,221.0,40.0,3.78,926.0,158.5,Op-F,Line-1,47.2,26.3,Q-001,0.2987,47.79,86.01,
PF-0071,Polyethylene,Glycerol,Zinc stearate,14.06,1.99,155571.0,1.78,196.5,27.5,91.0,47.0,,4619.0,141.0,Op-D,Line-3,46.9,19.8,Q-014,0.1273,,85.96,2817.218
PF-0072,Poly(lactic acid),Acetyl tributyl citrate,Sorbitol,4.06,1.11,107303.0,8.5,189.6,,191.0,19.8,2.51,4155.0,233.2,Op-A,Line-2,50.8,18.3,Q-007,0.7147,59.59,92.69,587.022
PF-0073,Poly(methyl methacrylate),Titanium dioxide,Zinc stearate,1.24,0.29,194889.0,16.76,205.8,28.3,357.0,95.8,,676.0,193.7,Op-D,Line-3,23.6,28.9,Q-029,0.8358,72.29,86.13,352.442
PF-0074,Polyethylene,Dibutyl phthalate,None,18.48,0.0,135326.0,7.4,175.5,13.1,363.0,32.5,2.26,677.0,225.2,Op-F,Line-2,51.4,29.6,Q-045,0.6902,10.63,91.06,2184.612
PF-0075,Poly(methyl methacrylate),Erucamide,None,0.45,0.0,81593.0,3.03,202.1,4.6,399.0,74.1,4.08,507.0,151.2,Op-F,Line-3,33.7,22.6,Q-031,0.0501,75.89,93.44,476.641
PF-0076,Nylon 6,Talc,Zinc stearate,13.02,0.19,36576.0,3.41,216.8,26.5,237.0,22.5,3.72,4059.0,299.5,Op-A,Line-1,62.5,26.6,Q-055,0.3498,77.91,56.11,13.2
PF-0077,Polystyrene,Stearic acid,Zinc stearate,2.88,0.54,298302.0,15.58,216.3,13.9,126.0,52.3,2.94,1570.0,46.4,Op-C,Line-3,38.9,20.3,Q-053,0.6304,55.9,93.42,1523.111
PF-0078,Poly(lactic acid),2-Hydroxy-4-methoxybenzophenone,None,1.26,0.0,100543.0,7.03,206.1,13.8,160.0,85.8,3.03,3288.0,17.0,Op-E,Line-2,33.1,21.8,Q-024,0.9251,59.62,94.06,584.012
PF-0079,Polypropylene,Erucamide,Sorbitol,1.59,1.68,267480.0,3.68,,29.9,,88.5,,4319.0,153.3,Op-C,Line-2,43.7,21.5,Q-005,0.3344,40.15,94.48,
PF-0080,Poly(vinyl chloride),Benzophenone,None,0.37,0.0,89920.0,8.52,188.7,7.2,187.0,93.7,4.13,1150.0,203.3,Op-D,Line-2,49.6,26.9,Q-048,0.157,66.33,84.25,180.861
PF-0081,Polypropylene,Titanium dioxide,Pentaerythritol,9.35,1.25,257609.0,11.84,212.7,23.4,158.0,29.6,,4735.0,275.1,Op-C,Line-1,63.7,27.0,Q-016,0.02,43.56,65.64,768.238
PF-0082,Poly(ethylene terephthalate),Erucamide,Maleic anhydride,0.24,1.73,37763.0,8.44,276.7,20.9,212.0,3.4,1.85,3983.0,108.6,Op-F,Line-1,25.1,21.5,Q-041,0.2286,92.12,91.18,37.748
PF-0083,Poly(ethylene terephthalate),Erucamide,None,0.16,0.0,50420.0,4.45,273.4,14.5,250.0,36.5,2.17,,285.1,Op-A,Line-3,24.7,29.2,Q-007,0.8972,,93.66,41.995
PF-0084,Poly(vinyl alcohol),Glycerol,Sorbitol,17.44,0.71,117161.0,10.05,188.6,15.5,200.0,18.0,4.71,3008.0,190.6,Op-D,Line-1,32.2,25.2,Q-028,0.9433,75.26,91.79,3.485
PF-0085,Polyethylene,Titanium dioxide,None,18.97,0.0,146105.0,15.65,158.9,2.3,335.0,72.3,4.33,161.0,143.9,Op-D,Line-2,22.7,20.9,Q-052,0.8338,25.18,40.2,658.704
PF-0086,Poly(vinyl alcohol),Dibutyl phthalate,Maleic anhydride,5.4,0.61,30538.0,0.15,216.1,29.4,322.0,49.8,3.24,4340.0,209.1,Op-E,Line-1,21.4,21.5,Q-020,0.4079,78.57,94.47,
PF-0087,Polyethylene,2-Hydroxy-4-methoxybenzophenone,None,0.39,0.0,224880.0,,183.1,25.7,287.0,38.6,3.77,2752.0,51.8,Op-C,Line-2,56.7,18.2,Q-004,0.5867,,86.4,1549.802
PF-0088,Poly(vinyl chloride),Calcium carbonate,None,13.71,0.0,123198.0,15.37,184.7,,366.0,63.1,2.99,,54.7,Op-F,Line-2,26.8,26.0,Q-036,0.946,,58.02,77.624
PF-0089,Poly(ethylene terephthalate),Triacetin,Pentaerythritol,7.23,0.48,,10.16,276.9,12.4,115.0,42.7,1.38,3648.0,186.9,Op-C,Line-3,58.1,19.9,Q-009,0.1098,82.44,92.73,52.588
PF-0090,Nylon 6,Calcium carbonate,Pentaerythritol,27.79,1.82,32922.0,13.0,,15.0,372.0,50.8,4.47,581.0,176.7,Op-A,Line-1,36.0,23.2,Q-018,0.0884,94.18,41.0,13.412
PF-0091,Poly(methyl methacrylate),Erucamide,Maleic anhydride,0.91,0.66,136313.0,10.77,229.7,6.9,,12.1,3.41,1271.0,261.7,Op-B,Line-3,47.7,24.8,Q-054,0.4608,80.18,92.88,198.926
PF-0092,Polypropylene,Butylated hydroxytoluene,Zinc stearate,0.98,1.07,295001.0,1.97,194.3,2.1,95.0,37.2,2.53,1151.0,67.8,Op-C,Line-3,42.4,24.2,Q-056,0.4844,38.6,90.05,1018.506
PF-0093,Nylon 6,Erucamide,Maleic anhydride,1.17,2.93,36866.0,16.25,231.3,6.2,284.0,14.8,2.37,4440.0,218.2,Op-F,Line-1,46.5,29.1,Q-047,0.8818,84.47,82.24,
PF-0094,Polystyrene,Titanium dioxide,None,8.24,0.0,349600.0,6.36,218.3,17.6,56.0,84.2,1.58,3571.0,148.8,Op-C,Line-2,,29.6,Q-047,0.1637,50.36,,2336.824
PF-0095,Polystyrene,Titanium dioxide,Sorbitol,8.88,0.23,169591.0,16.07,202.1,28.8,167.0,53.8,4.84,492.0,195.1,Op-A,Line-1,27.0,18.0,Q-006,0.7015,53.47,65.88,775.821
PF-0096,Polypropylene,Erucamide,Sorbitol,0.81,1.03,386468.0,11.15,217.0,10.3,282.0,98.6,4.98,,231.1,Op-C,Line-2,51.1,28.9,Q-035,0.787,51.58,91.97,1319.401
PF-0097,Poly(lactic acid),Titanium dioxide,Maleic anhydride,4.69,2.85,183197.0,16.29,,7.6,188.0,60.7,4.13,2317.0,275.2,Op-A,Line-1,66.9,28.8,Q-006,0.8683,68.94,76.36,253.638
PF-0098,Nylon 6,Dibutyl phthalate,None,6.61,0.0,33205.0,9.73,265.9,26.6,345.0,78.3,2.14,4567.0,230.8,Op-C,Line-2,63.0,22.9,Q-043,0.6887,77.85,88.92,86.813
PF-0099,Nylon 6,Titanium dioxide,Sorbitol,14.12,0.91,36443.0,17.97,249.2,,121.0,6.9,4.47,2298.0,141.5,Op-E,Line-2,50.9,24.8,Q-002,0.0861,96.91,47.18,
PF-0100,Polypropylene,Irganox 1010,Maleic anhydride,0.32,1.77,248008.0,7.5,199.9,28.0,,35.3,4.42,2293.0,122.0,Op-C,Line-3,37.1,25.0,Q-024,0.8683,47.52,93.83,1211.957
PF-0101,Polyethylene,Dioctyl phthalate,Pentaerythritol,,0.37,92765.0,7.1,185.8,18.7,249.0,17.9,4.04,1794.0,162.7,Op-F,Line-2,40.0,23.9,Q-047,0.7447,25.45,91.16,1707.949
PF-0102,Poly(ethylene terephthalate),Erucamide,Sorbitol,0.95,0.64,,10.82,287.4,23.7,364.0,46.5,4.97,3510.0,,Op-A,Line-1,21.6,,Q-013,0.147,93.06,90.82,44.389
PF-0103,Polycarbonate,Titanium dioxide,Sorbitol,13.14,0.79,58995.0,10.42,269.2,29.2,372.0,21.6,2.94,818.0,78.4,Op-F,Line-2,61.2,26.7,Q-025,0.4707,78.09,61.25,420.462
PF-0104,Nylon 6,Butylated hydroxytoluene,Pentaerythritol,0.2,1.49,26719.0,17.18,267.2,26.4,152.0,71.6,3.4,2543.0,176.5,Op-B,Line-1,49.7,18.7,Q-051,0.329,81.52,90.42,39.797
PF-0105,Poly(lactic acid),Irganox 1010,Zinc stearate,0.7,0.32,169630.0,12.61,187.2,2.8,,27.9,4.91,3187.0,154.7,Op-B,Line-3,67.9,24.4,Q-048,0.4551,74.73,90.51,236.135
PF-0106,Poly(methyl methacrylate),Titanium dioxide,None,12.31,0.0,,14.71,228.7,13.5,,15.2,4.69,4088.0,119.7,Op-C,Line-1,41.0,20.3,Q-024,0.5501,83.38,60.28,131.588
PF-0107,Poly(methyl methacrylate),Dibutyl phthalate,Maleic anhydride,8.67,2.56,139492.0,1.5,221.0,24.6,273.0,81.4,1.34,4354.0,116.1,Op-E,Line-2,63.7,23.5,Q-042,0.3927,,96.84,763.554
PF-0108,Poly(vinyl chloride),Calcium carbonate,Sorbitol,11.04,1.75,80504.0,4.95,179.8,19.8,245.0,78.2,3.02,4896.0,211.9,Op-F,Line-2,41.3,24.5,Q-027,0.5265,63.46,64.79,80.669
PF-0109,Nylon 6,Titanium dioxide,Zinc stearate,3.29,1.04,26931.0,12.66,241.4,27.6,148.0,72.0,2.82,2449.0,165.6,Op-D,Line-1,46.6,19.7,Q-028,0.0076,79.59,78.15,38.153
PF-0110,Poly(lactic acid),2-Hydroxy-4-methoxybenzophenone,Zinc stearate,1.67,0.53,161413.0,9.17,194.7,6.1,57.0,63.5,1.21,1017.0,,Op-B,Line-3,25.1,19.2,Q-006,0.806,58.25,91.93,600.944
PF-0111,Poly(vinyl alcohol),Glycerol,Zinc stearate,2.44,1.4,65123.0,14.58,211.3,23.5,76.0,55.0,4.22,244.0,295.8,Op-C,Line-1,47.6,28.5,Q-008,0.3336,84.18,94.32,2.398
PF-0112,Nylon 6,Triacetin,Sorbitol,,1.12,32115.0,4.32,253.6,29.0,267.0,70.9,1.15,2517.0,121.6,Op-E,Line-3,56.8,20.5,Q-059,0.838,76.61,,55.636
PF-0113,Nylon 6,2-Hydroxy-4-methoxybenzophenone,Maleic anhydride,1.89,1.35,30884.0,14.22,249.6,17.4,157.0,62.4,3.25,548.0,298.0,Op-E,Line-1,29.2,24.9,Q-043,0.4348,89.04,89.86,35.328
PF-0114,Polyethylene,Dioctyl phthalate,None,18.4,0.0,174277.0,18.78,164.6,21.4,364.0,52.1,2.24,4300.0,195.6,Op-F,Line-1,59.2,18.0,Q-008,0.6349,13.26,90.75,2461.655
PF-0115,Poly(lactic acid),Benzophenone,Pentaerythritol,2.56,1.55,148180.0,14.56,197.7,2.6,314.0,83.5,2.44,2158.0,160.0,Op-B,Line-1,,18.1,Q-014,0.2687,62.5,90.94,754.801
PF-0116,Nylon 6,Calcium carbonate,Sorbitol,21.93,1.39,34780.0,17.67,247.8,,365.0,8.4,2.32,1968.0,101.1,Op-C,Line-1,29.7,18.7,Q-029,0.057,82.07,39.78,15.396
PF-0117,Polypropylene,Benzophenone,None,2.96,0.0,,16.42,223.6,25.7,388.0,43.5,3.1,2118.0,183.0,Op-E,Line-1,59.2,,Q-009,0.1747,45.43,90.48,928.512
PF-0118,Poly(vinyl alcohol),Glycerol,None,14.26,0.0,126516.0,,211.3,,54.0,8.0,3.86,3195.0,268.2,Op-D,Line-3,43.9,29.7,Q-057,0.9319,,90.07,4.4
PF-0119,Poly(lactic acid),Erucamide,Pentaerythritol,0.71,0.92,,5.37,186.2,28.8,229.0,59.4,4.36,3193.0,,Op-F,Line-3,42.1,21.4,Q-045,0.5383,66.41,93.82,337.344
PF-0120,Polyethylene,Stearic acid,Maleic anhydride,1.16,,206769.0,6.35,153.2,28.8,240.0,32.3,,2930.0,,Op-D,Line-1,63.6,29.1,Q-056,0.39,28.13,84.97,1002.865
PF-0121,Polypropylene,Butylated hydroxytoluene,Pentaerythritol,0.26,1.31,283196.0,2.38,227.1,11.3,350.0,93.5,1.37,2563.0,160.0,Op-B,Line-2,25.6,29.1,Q-015,0.8335,36.08,93.94,
PF-0122,Polyethylene,Irganox 1010,None,0.38,0.0,91347.0,7.87,178.7,8.4,337.0,21.7,3.29,2236.0,243.3,Op-F,Line-2,56.1,20.1,Q-044,0.0559,28.82,89.78,1439.77
PF-0123,Poly(vinyl chloride),Titanium dioxide,None,14.85,0.0,105857.0,15.31,163.2,14.4,140.0,97.6,2.08,4486.0,,Op-E,Line-2,26.2,29.7,Q-031,0.8289,56.57,42.48,115.503
PF-0124,Polypropylene,Triacetin,Sorbitol,17.33,0.91,317538.0,19.39,204.3,25.6,210.0,23.1,4.97,2972.0,,Op-B,Line-2,57.3,22.1,Q-032,0.201,45.04,91.17,1455.863
PF-0125,Polypropylene,Talc,Zinc stearate,23.11,0.49,346985.0,12.72,227.0,22.2,,96.0,4.26,664.0,36.1,Op-D,Line-2,56.1,19.2,Q-013,0.2552,52.87,43.69,258.698
PF-0126,Polypropylene,Calcium carbonate,None,17.3,0.0,199959.0,6.53,189.3,18.5,321.0,17.1,2.98,444.0,286.6,Op-A,Line-1,34.9,23.1,Q-026,0.7736,44.2,,399.498
PF-0127,Polyethylene,2-Hydroxy-4-methoxybenzophenone,Sorbitol,0.34,0.24,129590.0,,162.2,4.6,120.0,2.7,4.54,1589.0,167.8,Op-E,Line-2,41.5,18.6,Q-046,0.1184,26.9,83.94,977.03
PF-0128,Polycarbonate,Dibutyl phthalate,Pentaerythritol,23.77,0.44,31526.0,13.19,,3.8,330.0,23.8,4.47,2114.0,259.6,Op-A,Line-3,32.6,22.4,Q-039,0.4847,54.08,90.77,978.55
PF-0129,Poly(ethylene terephthalate),Dibutyl phthalate,None,5.57,0.0,39753.0,4.42,288.5,6.2,258.0,60.0,3.34,4082.0,181.6,Op-C,Line-3,57.3,27.0,Q-032,0.0642,77.57,92.24,
PF-0130,Poly(ethylene terephthalate),Talc,Zinc stearate,13.92,0.25,72652.0,10.16,279.5,10.5,239.0,17.8,3.36,2088.0,50.7,Op-A,Line-2,59.7,20.4,Q-038,0.8818,99.71,60.76,
PF-0131,Poly(lactic acid),Glycerol,Sorbitol,8.24,0.6,,,176.8,10.3,279.0,41.3,2.85,2221.0,114.9,Op-C,Line-2,43.0,22.0,Q-056,0.7666,59.09,93.17,618.277
PF-0132,Polystyrene,Irganox 1010,Zinc stearate,0.55,1.88,313339.0,19.59,206.9,2.1,310.0,93.3,3.38,2492.0,24.6,Op-E,Line-1,23.4,25.8,Q-059,0.4349,52.62,92.6,2123.084
PF-0133,Nylon 6,Talc,Pentaerythritol,7.31,0.9,21614.0,18.21,267.1,25.0,78.0,99.5,3.31,895.0,23.9,Op-B,Line-3,41.0,19.7,Q-028,0.1453,76.76,66.11,29.649
PF-0134,Poly(lactic acid),Dibutyl phthalate,Maleic anhydride,13.17,1.66,85113.0,3.34,168.3,21.0,305.0,35.7,4.84,771.0,209.3,Op-D,Line-1,37.4,29.7,Q-005,0.9525,57.72,,364.998
PF-0135,Polystyrene,Acetyl tributyl citrate,Pentaerythritol,,0.61,342080.0,,184.0,15.6,262.0,52.8,2.41,3508.0,12.5,Op-C,Line-3,22.4,20.6,Q-006,0.9108,33.79,93.09,5130.448
PF-0136,Poly(vinyl alcohol),Benzophenone,Pentaerythritol,2.61,1.25,113372.0,8.0,214.0,15.7,232.0,43.1,3.43,810.0,114.8,Op-E,Line-2,68.0,20.2,Q-020,0.0759,83.98,90.4,1.969
PF-0137,Polystyrene,2-Hydroxy-4-methoxybenzophenone,Maleic anhydride,0.29,0.89,271546.0,12.49,,25.3,268.0,51.2,4.92,3825.0,264.8,Op-C,Line-3,51.2,,Q-033,0.8782,58.58,,1769.388
PF-0138,Polystyrene,Dibutyl phthalate,None,8.07,0.0,312098.0,16.99,207.1,17.1,319.0,26.4,4.26,1096.0,128.6,Op-E,Line-1,51.7,28.3,Q-023,0.2572,62.78,95.8,
PF-0139,Polyethylene,,Sorbitol,,0.71,218462.0,4.6,178.4,16.2,341.0,89.0,3.97,1259.0,112.3,Op-C,Line-1,40.6,27.6,Q-014,0.2684,30.97,68.35,1143.96
PF-0140,Poly(methyl methacrylate),Calcium carbonate,None,8.04,0.0,174340.0,,212.8,5.5,66.0,79.4,3.09,1172.0,157.5,Op-E,Line-2,24.3,20.6,Q-022,0.9449,71.87,77.16,268.926
PF-0141,Polystyrene,Stearic acid,Maleic anhydride,,2.23,284719.0,17.05,228.5,21.4,219.0,62.4,4.11,2351.0,251.1,Op-B,Line-2,62.1,22.5,Q-027,0.3511,65.37,89.25,2032.432
PF-0142,Polyethylene,Glycerol,None,9.24,0.0,150976.0,0.58,168.0,14.1,231.0,1.4,2.06,2232.0,231.5,Op-E,Line-1,63.1,28.7,Q-059,0.7489,18.33,85.85,2203.921
PF-0143,Polystyrene,Glycerol,Sorbitol,5.24,0.19,165657.0,7.14,209.6,26.2,111.0,2.6,4.81,747.0,238.3,Op-D,Line-3,40.8,27.4,Q-055,0.5393,59.46,92.06,1635.77
PF-0144,Poly(methyl methacrylate),Benzophenone,None,2.42,0.0,121701.0,13.94,236.1,16.7,254.0,4.9,3.3,4587.0,52.2,Op-E,Line-3,52.8,23.6,Q-036,0.2466,74.75,92.19,222.069
PF-0145,Polypropylene,Butylated hydroxytoluene,Zinc stearate,0.96,1.64,321489.0,6.95,181.3,16.7,266.0,89.4,1.19,3529.0,285.1,Op-E,Line-1,45.0,23.9,Q-009,0.8694,36.28,91.5,2125.968
PF-0146,Polystyrene,Talc,Pentaerythritol,7.24,1.53,248343.0,14.97,192.6,,81.0,87.0,3.87,2433.0,251.2,Op-E,Line-1,69.3,20.2,Q-042,0.2601,50.87,73.2,1126.776
PF-0147,Poly(methyl methacrylate),Erucamide,Sorbitol,0.92,1.09,163700.0,12.95,191.1,24.1,,45.1,4.66,599.0,158.3,Op-A,Line-2,67.9,19.9,Q-050,0.4461,74.71,88.09,228.093
PF-0148,Poly(methyl methacrylate),Calcium carbonate,Maleic anhydride,25.24,0.46,92825.0,6.63,224.1,13.8,396.0,44.9,2.35,2946.0,180.2,Op-A,Line-3,36.0,20.8,Q-051,0.4608,79.68,54.71,158.593
PF-0149,Polyethylene,Dibutyl phthalate,None,,0.0,92591.0,,193.0,4.8,308.0,65.7,4.15,2807.0,136.6,Op-C,Line-1,22.1,26.0,Q-024,0.3693,8.28,87.92,2123.755
PF-0150,Polypropylene,Dioctyl phthalate,None,24.2,0.0,221971.0,13.72,198.0,7.5,85.0,7.3,1.63,475.0,22.0,Op-A,Line-2,52.4,26.6,Q-033,0.3009,17.31,87.25,1732.011
PF-0151,Polypropylene,Dibutyl phthalate,Sorbitol,6.84,1.15,319884.0,17.59,197.5,3.0,182.0,16.1,4.18,3389.0,203.9,Op-F,Line-1,37.2,18.7,Q-032,0.5915,38.02,88.44,1046.758
PF-0152,Poly(vinyl alcohol),Stearic acid,Pentaerythritol,,0.75,101137.0,13.44,216.1,25.7,262.0,3.5,1.92,380.0,222.0,Op-D,Line-3,54.6,24.4,Q-027,0.6766,81.27,91.72,2.046
PF-0153,Polystyrene,Erucamide,Sorbitol,0.17,1.84,201470.0,17.85,202.4,2.0,222.0,62.9,1.5,4228.0,181.8,Op-C,Line-2,48.2,27.0,Q-037,0.7153,,91.83,3031.452
PF-0154,Poly(lactic acid),Stearic acid,None,0.3,0.0,92074.0,5.06,177.7,5.2,293.0,27.6,3.79,3700.0,97.3,Op-D,Line-2,52.3,22.7,Q-051,0.3899,66.61,88.22,455.831
PF-0155,Polystyrene,Acetyl tributyl citrate,None,20.36,0.0,203946.0,4.25,202.4,4.4,391.0,51.3,1.97,606.0,178.3,Op-A,Line-1,48.0,20.8,Q-033,0.2492,40.06,94.59,3744.289
PF-0156,Nylon 6,Glycerol,Maleic anhydride,8.35,0.35,24141.0,18.31,257.9,18.8,98.0,66.7,,1015.0,203.3,Op-D,Line-1,34.4,23.0,Q-034,0.185,77.45,88.9,39.176
PF-0157,Poly(vinyl alcohol),,None,0.4,0.0,125426.0,10.59,204.9,4.8,,,3.96,1912.0,289.7,Op-A,Line-1,49.4,24.7,Q-028,0.7727,82.19,92.75,1.802
PF-0158,Polycarbonate,Stearic acid,Zinc stearate,2.83,0.97,42356.0,15.7,266.0,9.8,282.0,80.3,4.02,3323.0,113.4,Op-B,Line-3,67.8,21.7,Q-012,0.8772,80.54,93.72,1004.365
PF-0159,Poly(vinyl alcohol),Irganox 1010,Maleic anhydride,0.29,0.75,102128.0,12.93,211.2,13.8,383.0,19.7,4.7,2791.0,45.4,Op-E,Line-1,35.5,29.0,Q-024,0.4061,83.84,94.56,1.822
PF-0160,Poly(lactic acid),Glycerol,Zinc stearate,10.65,0.71,190563.0,7.32,193.7,18.9,229.0,42.3,4.51,1193.0,161.2,Op-F,Line-2,23.4,21.0,Q-032,0.4786,67.17,95.97,489.779
PF-0161,Poly(methyl methacrylate),Acetyl tributyl citrate,None,4.61,0.0,127998.0,14.99,216.4,29.0,169.0,23.1,1.6,3528.0,11.1,Op-F,Line-2,52.3,23.3,Q-054,0.2317,68.78,95.51,259.95
PF-0162,Poly(lactic acid),Glycerol,None,15.43,0.0,134664.0,6.96,205.1,10.5,220.0,22.4,1.38,,244.1,Op-E,Line-2,43.4,21.4,Q-038,0.014,,91.39,
PF-0163,Polyethylene,Talc,None,24.1,0.0,128090.0,17.03,171.3,15.6,135.0,20.4,1.14,,22.6,Op-F,Line-3,66.5,18.3,Q-003,0.1828,23.31,38.07,866.942
PF-0164,Polystyrene,Butylated hydroxytoluene,None,0.61,0.0,153423.0,13.58,218.7,23.0,317.0,74.1,2.91,1172.0,77.9,Op-A,Line-1,52.8,29.1,Q-011,0.3471,54.24,99.0,2753.137
PF-0165,Polyethylene,2-Hydroxy-4-methoxybenzophenone,Pentaerythritol,1.76,0.87,114979.0,17.6,171.0,15.8,350.0,97.5,1.52,3363.0,299.6,Op-B,Line-2,52.7,29.4,Q-036,0.529,,90.59,2402.146
PF-0166,Poly(vinyl chloride),2-Hydroxy-4-methoxybenzophenone,None,1.72,0.0,79915.0,10.26,,7.4,,31.1,4.06,348.0,109.4,Op-B,Line-2,37.4,19.8,Q-043,0.7724,65.07,77.41,62.809
PF-0167,Poly(lactic acid),Titanium dioxide,Sorbitol,2.13,0.89,113372.0,19.87,178.8,20.1,355.0,83.4,2.07,1488.0,195.0,Op-E,Line-2,44.5,25.6,Q-022,0.7495,59.72,,343.761
PF-0168,Polypropylene,Glycerol,Sorbitol,2.24,1.06,339170.0,1.5,211.8,14.1,53.0,70.3,2.82,3349.0,40.0,Op-F,Line-1,46.3,28.6,Q-002,0.1784,45.31,97.05,1615.84
PF-0169,Polyethylene,Glycerol,Maleic anhydride,6.16,1.68,215280.0,7.04,174.8,23.0,226.0,68.3,3.94,2313.0,186.9,Op-B,Line-3,27.0,21.2,Q-050,0.4669,25.02,89.11,
PF-0170,Polypropylene,Acetyl tributyl citrate,Sorbitol,17.99,0.4,278297.0,10.24,,21.9,204.0,83.1,1.7,204.0,17.5,Op-C,Line-1,54.0,20.2,Q-015,0.4585,32.74,92.67,2995.958
PF-0171,Polystyrene,Acetyl tributyl citrate,Zinc stearate,4.43,1.91,274851.0,5.4,213.0,20.2,140.0,32.9,3.32,4272.0,194.3,Op-B,Line-1,46.4,28.0,Q-046,0.9047,56.06,93.5,1199.999
PF-0172,Poly(ethylene terephthalate),Triacetin,Pentaerythritol,12.71,1.61,48093.0,0.55,262.9,17.9,71.0,87.5,2.86,491.0,155.7,Op-F,Line-2,37.6,24.9,Q-021,0.5607,84.34,93.47,92.827
PF-0173,Polypropylene,Dioctyl phthalate,None,18.05,0.0,302340.0,1.53,193.5,25.2,276.0,60.4,4.07,2121.0,39.4,Op-E,Line-2,54.4,19.4,Q-057,0.6177,34.45,94.64,1876.41
PF-0174,Poly(vinyl chloride),Triacetin,Maleic anhydride,8.21,0.52,71836.0,11.19,195.0,13.3,79.0,72.3,2.21,1506.0,175.3,Op-A,Line-1,34.4,28.1,Q-004,0.9679,47.73,83.43,173.771
PF-0175,Polyethylene,Stearic acid,None,1.26,0.0,111463.0,0.13,169.1,7.8,171.0,11.1,2.95,495.0,257.6,Op-E,Line-2,41.4,18.9,Q-058,0.6464,25.63,86.47,1562.674
PF-0176,Polyethylene,Talc,Pentaerythritol,14.61,1.92,102020.0,12.19,185.0,,287.0,89.3,2.08,2336.0,82.0,Op-E,Line-2,33.3,20.5,Q-023,0.7227,25.92,56.73,1084.974
PF-0177,Poly(vinyl chloride),Erucamide,None,0.67,0.0,77707.0,10.4,198.3,20.5,382.0,58.1,4.95,1779.0,247.0,Op-D,Line-2,53.8,23.4,Q-051,0.2151,68.85,80.83,77.71
PF-0178,Poly(lactic acid),Dioctyl phthalate,None,26.75,0.0,189430.0,19.37,208.9,9.9,283.0,23.2,4.16,3484.0,62.2,Op-D,Line-3,41.9,26.0,Q-053,0.8501,50.74,93.36,819.378
PF-0179,Polyethylene,Talc,None,20.29,0.0,234201.0,9.83,166.2,4.2,131.0,40.5,2.5,1763.0,183.8,Op-F,Line-3,53.5,22.8,Q-044,0.1511,,47.39,466.682
PF-0180,Polyethylene,Titanium dioxide,Maleic anhydride,18.01,1.32,144535.0,17.07,173.7,2.3,74.0,51.9,3.13,3238.0,284.4,Op-B,Line-2,40.4,27.3,Q-009,0.4522,25.53,38.99,661.25
PF-0181,Polyethylene,Butylated hydroxytoluene,Zinc stearate,0.59,0.82,134193.0,5.23,,25.6,294.0,63.6,4.25,4570.0,201.7,Op-D,Line-2,33.9,21.4,Q-045,0.1542,29.3,91.1,1102.111
PF-0182,Polypropylene,Erucamide,Zinc stearate,,0.91,291310.0,4.56,220.3,3.3,314.0,62.5,,2777.0,292.5,Op-C,Line-2,63.5,24.2,Q-055,0.246,37.82,89.55,1112.779
PF-0183,Polypropylene,Benzophenone,None,2.5,0.0,,12.68,187.8,24.4,371.0,8.2,4.43,2907.0,,Op-D,Line-1,43.9,28.4,Q-057,0.7251,48.63,92.77,820.082
PF-0184,Polyethylene,Talc,Maleic anhydride,10.1,0.45,142741.0,1.34,174.6,,,84.1,4.01,1633.0,227.7,Op-B,Line-1,22.5,19.9,Q-026,0.5307,31.24,71.25,915.67
PF-0185,Polystyrene,Dioctyl phthalate,None,14.15,0.0,186246.0,15.82,222.0,5.6,143.0,35.0,3.95,526.0,195.3,Op-C,Line-3,66.2,,Q-044,0.3462,43.35,94.46,3032.717
PF-0186,Polypropylene,Stearic acid,Zinc stearate,1.19,0.28,234391.0,3.76,218.7,4.1,314.0,29.1,3.86,1817.0,74.3,Op-A,Line-2,63.7,27.3,Q-013,0.3509,41.55,92.87,1250.915
PF-0187,Poly(lactic acid),Calcium carbonate,Sorbitol,,0.5,124375.0,11.69,183.0,7.6,310.0,17.0,1.54,3681.0,193.5,Op-E,Line-3,63.9,28.1,Q-021,0.896,,49.16,237.965
PF-0188,Polypropylene,Dibutyl phthalate,Maleic anhydride,5.49,0.94,311523.0,7.67,192.8,8.5,331.0,9.2,4.76,2379.0,294.9,Op-C,Line-3,66.3,21.2,Q-052,0.267,48.76,88.71,843.934
PF-0189,Poly(vinyl chloride),Dioctyl phthalate,Pentaerythritol,17.7,1.81,66045.0,5.61,182.3,8.4,72.0,96.4,2.79,2816.0,202.4,Op-A,Line-1,50.9,22.6,Q-058,0.5168,45.76,85.69,209.463
PF-0190,Polypropylene,Titanium dioxide,None,6.68,0.0,348398.0,2.72,231.4,,359.0,14.0,4.1,4747.0,32.8,Op-C,Line-2,45.4,24.0,Q-030,0.4407,42.7,70.66,1090.879
PF-0191,Poly(ethylene terephthalate),Talc,Maleic anhydride,,0.31,50933.0,18.91,260.8,17.1,127.0,17.8,1.52,2666.0,179.6,Op-C,Line-1,61.3,20.1,Q-009,0.8579,83.9,54.06,18.589
PF-0192,Polyethylene,Acetyl tributyl citrate,Maleic anhydride,6.35,2.19,143502.0,6.87,184.0,14.0,107.0,98.8,2.66,1950.0,132.2,Op-D,Line-1,62.0,25.6,Q-049,0.0258,25.08,92.36,2392.911
PF-0193,Poly(methyl methacrylate),Dioctyl phthalate,None,26.2,0.0,122971.0,15.5,217.8,14.8,,59.3,1.23,2340.0,87.8,Op-E,Line-1,52.6,23.0,Q-015,0.225,54.87,96.49,747.36
PF-0194,Polystyrene,Dioctyl phthalate,Maleic anhydride,14.43,2.86,196294.0,16.22,200.4,13.1,319.0,34.5,4.88,3844.0,131.7,Op-F,Line-1,31.5,18.5,Q-005,0.5654,49.72,92.57,1443.073
PF-0195,Polyethylene,Acetyl tributyl citrate,Sorbitol,17.34,0.67,119149.0,4.8,174.7,7.2,387.0,28.4,4.62,2460.0,157.3,Op-C,Line-2,44.8,19.9,Q-011,0.1726,18.04,90.33,1753.367
PF-0196,Polystyrene,Irganox 1010,None,,0.0,161900.0,1.42,211.3,8.5,248.0,96.0,1.42,871.0,32.4,Op-C,Line-2,45.8,23.6,Q-039,0.8053,46.25,94.57,2618.676
PF-0197,Polypropylene,Triacetin,None,3.19,0.0,231879.0,2.06,203.8,4.6,377.0,26.5,3.48,3055.0,69.3,Op-B,Line-3,,21.4,Q-008,0.49,40.48,,1127.924
PF-0198,Poly(lactic acid),Glycerol,Zinc stearate,11.34,0.73,150785.0,13.83,199.0,3.1,315.0,,2.02,2868.0,233.6,Op-A,Line-1,38.2,24.3,Q-023,0.7069,57.65,,1229.632
PF-0199,Poly(vinyl chloride),Butylated hydroxytoluene,Pentaerythritol,0.69,1.95,69948.0,5.45,178.4,7.2,63.0,,2.17,4293.0,101.4,Op-A,Line-3,28.7,27.4,Q-030,0.4731,55.69,77.53,89.413
PF-0200,Poly(methyl methacrylate),Titanium dioxide,Zinc stearate,15.47,1.99,148144.0,19.8,213.5,22.6,324.0,42.9,2.51,670.0,15.2,Op-B,Line-1,27.6,26.3,Q-010,0.3764,75.57,53.56,188.117
PF-0201,Nylon 6,Titanium dioxide,None,1.31,0.0,20442.0,14.88,242.4,17.2,93.0,50.2,3.73,,183.9,Op-E,Line-3,33.1,28.3,Q-018,0.8728,80.81,77.5,27.003
PF-0202,Poly(lactic acid),Calcium carbonate,Zinc stearate,14.9,0.93,100346.0,10.74,184.6,24.4,,52.7,2.26,1112.0,282.6,Op-F,Line-3,65.4,22.0,Q-006,0.7754,,69.0,385.966
PF-0203,Poly(methyl methacrylate),Calcium carbonate,None,20.32,0.0,143887.0,17.08,212.4,14.2,113.0,71.2,3.43,4612.0,,Op-C,Line-1,47.8,29.3,Q-024,0.5917,,58.61,239.062
PF-0204,Polystyrene,Dibutyl phthalate,Maleic anhydride,8.65,2.18,174238.0,3.33,225.3,10.7,324.0,91.0,1.72,3199.0,209.1,Op-F,Line-1,47.1,26.1,Q-003,0.0209,51.55,94.76,3956.687
PF-0205,Polypropylene,Erucamide,None,1.09,0.0,327064.0,18.0,196.8,16.6,74.0,99.6,4.87,2597.0,211.3,Op-B,Line-1,32.3,21.5,Q-059,0.1511,51.3,94.69,689.457
PF-0206,Poly(methyl methacrylate),Titanium dioxide,Zinc stearate,1.82,0.26,158068.0,3.26,227.1,26.3,84.0,31.3,3.0,1751.0,61.9,Op-F,Line-1,42.7,25.1,Q-057,0.243,78.6,88.26,232.993
PF-0207,Poly(ethylene terephthalate),Stearic acid,Maleic anhydride,2.81,2.64,40596.0,7.84,241.7,13.9,181.0,55.0,1.77,469.0,,Op-C,Line-1,53.8,23.9,Q-040,0.6608,,85.16,64.832
PF-0208,Polycarbonate,Acetyl tributyl citrate,None,14.37,0.0,55649.0,0.78,238.1,27.8,307.0,76.8,2.48,987.0,34.9,Op-E,Line-1,51.5,18.7,Q-020,0.5824,62.06,89.32,2041.639
PF-0209,Poly(ethylene terephthalate),Talc,Pentaerythritol,17.82,1.86,67779.0,16.69,285.1,7.8,399.0,68.8,2.35,68.0,220.0,Op-E,Line-2,42.5,18.5,Q-029,0.2967,89.1,49.57,
PF-0210,Poly(methyl methacrylate),Benzophenone,Zinc stearate,2.04,1.59,195869.0,4.34,204.3,4.6,319.0,46.9,2.05,1329.0,20.8,Op-F,Line-1,57.3,29.2,Q-023,0.2703,71.5,90.55,
PF-0211,Polycarbonate,Calcium carbonate,None,16.16,0.0,41036.0,11.1,269.9,27.5,199.0,97.3,4.57,900.0,40.5,Op-E,Line-3,51.1,18.4,Q-042,0.8018,83.31,62.4,419.694
PF-0212,Poly(methyl methacrylate),Acetyl tributyl citrate,None,10.41,0.0,199153.0,14.36,214.2,8.3,144.0,60.7,1.73,1907.0,86.4,Op-A,Line-2,33.4,21.7,Q-006,0.6459,70.31,96.16,495.202
PF-0213,Poly(lactic acid),Triacetin,Sorbitol,9.73,0.65,102354.0,14.82,183.2,22.2,294.0,79.2,4.1,4479.0,160.8,Op-C,Line-3,57.3,25.4,Q-046,0.8874,62.82,93.83,384.008
PF-0214,Polystyrene,Glycerol,Zinc stearate,16.54,0.79,282061.0,4.69,197.3,7.9,237.0,91.5,1.3,4993.0,68.8,Op-D,Line-1,42.3,20.2,Q-024,0.0128,,91.86,4584.134
PF-0215,Poly(vinyl chloride),Glycerol,Maleic anhydride,15.36,2.38,89316.0,10.37,183.4,15.8,137.0,50.4,4.71,4350.0,171.3,Op-E,Line-3,66.6,28.5,Q-046,0.507,,,181.187
PF-0216,Poly(methyl methacrylate),Titanium dioxide,Sorbitol,19.89,1.28,115016.0,,222.5,16.5,169.0,15.5,1.67,2444.0,141.3,Op-F,Line-1,,24.8,Q-052,0.641,81.61,45.73,138.743
PF-0217,Poly(methyl methacrylate),Erucamide,Pentaerythritol,1.19,1.69,144479.0,14.58,216.8,17.2,300.0,4.6,2.02,417.0,38.0,Op-E,Line-3,,25.9,Q-002,0.6485,75.3,92.97,261.57
PF-0218,Nylon 6,Acetyl tributyl citrate,Maleic anhydride,4.0,2.01,23766.0,1.79,266.7,29.0,198.0,3.7,4.38,3887.0,59.8,Op-B,Line-1,23.6,21.8,Q-004,0.4676,82.69,85.07,25.13
PF-0219,Polyethylene,Titanium dioxide,Maleic anhydride,8.17,1.17,111801.0,9.04,166.8,29.9,123.0,59.9,4.26,821.0,112.1,Op-D,Line-1,21.8,27.5,Q-010,0.788,27.65,68.66,1384.289
PF-0220,Poly(ethylene terephthalate),Acetyl tributyl citrate,Sorbitol,9.86,1.29,74342.0,12.26,260.0,7.0,362.0,93.1,4.24,2994.0,19.3,Op-C,Line-2,52.3,28.6,Q-011,0.9083,91.44,94.24,40.483
PF-0221,Polystyrene,Dioctyl phthalate,None,17.27,0.0,294594.0,15.51,216.0,2.8,145.0,23.5,3.72,3736.0,173.7,Op-F,Line-3,59.3,23.5,Q-057,0.0455,42.06,89.11,
PF-0222,Nylon 6,2-Hydroxy-4-methoxybenzophenone,Sorbitol,2.67,1.03,32270.0,4.26,250.7,9.2,137.0,83.1,1.86,1501.0,124.1,Op-D,Line-3,47.6,27.5,Q-029,0.9047,84.42,89.69,
PF-0223,Poly(vinyl chloride),,Sorbitol,2.44,0.36,123083.0,17.28,189.0,10.2,268.0,2.3,2.8,1222.0,220.1,Op-B,Line-2,36.5,26.5,Q-054,0.9782,59.11,82.77,91.552
PF-0224,Polystyrene,Dibutyl phthalate,Maleic anhydride,10.47,1.03,344633.0,2.68,208.5,26.5,149.0,65.5,1.49,3885.0,90.0,Op-C,Line-1,36.6,29.4,Q-057,0.2473,51.6,95.45,4331.412
PF-0225,Poly(lactic acid),Erucamide,None,1.04,0.0,153188.0,12.68,182.0,10.0,236.0,62.0,2.97,4293.0,54.8,Op-F,Line-2,47.1,19.2,Q-057,0.7756,63.58,92.72,465.578
PF-0226,Poly(methyl methacrylate),Talc,Zinc stearate,17.29,1.57,81462.0,3.89,208.5,19.3,103.0,18.9,4.9,200.0,164.9,Op-F,Line-2,60.0,29.5,Q-007,0.6679,85.11,60.52,67.545
PF-0227,Poly(vinyl chloride),Triacetin,Zinc stearate,16.48,1.18,60165.0,1.11,160.6,5.9,215.0,41.7,,4354.0,114.4,Op-F,Line-2,41.5,,Q-003,0.1853,51.52,79.2,
PF-0228,Polyethylene,Titanium dioxide,Sorbitol,11.19,1.19,196705.0,9.38,190.1,29.9,210.0,46.5,2.21,2561.0,149.4,Op-A,Line-2,48.7,23.8,Q-038,0.7846,23.48,61.32,1331.485
PF-0229,Polycarbonate,Benzophenone,None,1.36,0.0,36266.0,16.66,301.4,7.2,304.0,15.5,3.28,760.0,,Op-E,Line-2,51.3,19.5,Q-029,0.4027,65.08,87.56,742.929
PF-0230,Polystyrene,Acetyl tributyl citrate,Pentaerythritol,11.0,1.15,235124.0,1.6,228.3,8.1,78.0,15.5,1.77,3745.0,190.0,Op-D,Line-2,,23.2,Q-008,0.0685,,94.66,3013.613
PF-0231,Poly(vinyl chloride),Calcium carbonate,None,13.12,0.0,90187.0,3.32,173.8,5.5,228.0,98.7,2.88,1867.0,112.2,Op-E,Line-3,45.8,21.0,Q-019,0.5365,62.98,65.15,96.138
PF-0232,Poly(lactic acid),2-Hydroxy-4-methoxybenzophenone,Pentaerythritol,2.76,1.16,198276.0,2.4,,19.4,222.0,60.7,,2388.0,55.9,Op-F,Line-3,63.7,23.8,Q-044,0.6522,72.76,92.3,473.439
PF-0233,Polypropylene,Dibutyl phthalate,Pentaerythritol,9.54,1.51,226316.0,4.11,180.8,28.3,256.0,30.6,,1960.0,103.7,Op-E,Line-2,42.2,22.6,Q-039,0.4811,33.08,90.73,1507.868
PF-0234,Poly(vinyl chloride),,Pentaerythritol,20.35,0.26,64853.0,3.15,173.2,12.1,244.0,19.4,2.69,4259.0,117.2,Op-F,Line-2,60.0,20.6,Q-030,0.6442,65.39,41.67,30.459
PF-0235,Poly(vinyl chloride),Butylated hydroxytoluene,Maleic anhydride,,2.9,72331.0,3.22,191.3,9.1,59.0,13.1,4.48,3142.0,101.3,Op-F,Line-3,56.1,21.5,Q-004,0.3155,64.62,82.27,79.343
PF-0236,Nylon 6,Calcium carbonate,None,5.52,0.0,23564.0,18.88,268.3,21.5,,47.1,4.75,4240.0,298.4,Op-D,Line-2,42.6,22.2,Q-041,0.5131,80.41,71.95,22.095
PF-0237,Polyethylene,Butylated hydroxytoluene,Sorbitol,0.35,1.43,230947.0,,166.8,22.6,79.0,39.8,3.43,,71.8,Op-E,Line-1,64.2,29.9,Q-049,0.1915,26.86,90.26,1402.866
PF-0238,Poly(ethylene terephthalate),Stearic acid,None,1.78,0.0,59203.0,15.52,283.1,8.9,136.0,42.7,,1710.0,12.6,Op-A,Line-2,60.7,27.9,Q-010,0.6434,,91.39,42.542
PF-0239,Poly(vinyl chloride),Butylated hydroxytoluene,None,0.9,,69407.0,,,9.9,55.0,54.3,1.42,4679.0,26.0,Op-D,Line-2,55.3,20.8,Q-051,0.615,54.73,,119.295
PF-0240,Poly(lactic acid),Titanium dioxide,Zinc stearate,2.62,1.34,172728.0,3.18,189.8,14.6,52.0,14.7,2.62,2755.0,40.9,Op-D,Line-3,64.2,,Q-041,0.5667,63.39,85.82,361.678
PF-0241,Nylon 6,Butylated hydroxytoluene,Maleic anhydride,0.8,1.83,24940.0,13.98,245.4,9.2,270.0,41.4,2.19,4065.0,220.8,Op-E,Line-3,32.4,26.7,Q-042,0.5697,85.41,90.19,40.568
PF-0242,Polyethylene,Dibutyl phthalate,Pentaerythritol,17.33,0.17,99695.0,,173.2,15.2,108.0,5.5,3.5,2094.0,104.8,Op-B,Line-2,44.8,27.8,Q-046,0.1462,11.6,88.68,2434.566
PF-0243,Poly(methyl methacrylate),Titanium dioxide,None,2.98,0.0,185877.0,,231.2,25.6,228.0,48.9,2.64,1236.0,145.1,Op-F,Line-3,26.1,26.7,Q-020,0.3922,,82.57,339.394
PF-0244,Poly(ethylene terephthalate),Erucamide,None,0.76,0.0,36994.0,10.49,253.7,3.8,323.0,13.1,1.33,996.0,10.5,Op-A,Line-2,40.6,24.7,Q-038,0.8279,,88.58,
PF-0245,Poly(methyl methacrylate),Glycerol,None,5.15,0.0,99647.0,12.75,207.1,7.0,339.0,97.9,2.43,3971.0,131.9,Op-B,Line-2,26.1,19.9,Q-018,0.3734,,93.17,546.406
PF-0246,Polystyrene,Acetyl tributyl citrate,Maleic anhydride,22.13,2.7,334253.0,9.48,228.3,16.7,261.0,64.6,2.21,285.0,195.3,Op-E,Line-1,36.2,25.5,Q-017,0.8886,44.48,95.4,3875.693
PF-0247,Polyethylene,Talc,Maleic anhydride,16.81,,239339.0,3.42,142.3,8.8,162.0,53.1,2.81,2882.0,119.8,Op-D,Line-3,41.8,23.4,Q-016,0.3109,23.01,50.0,542.861
PF-0248,Polyethylene,Calcium carbonate,Maleic anhydride,25.82,2.97,246195.0,2.05,183.0,24.8,259.0,79.9,2.58,,283.8,Op-B,Line-3,20.9,24.0,Q-032,0.096,34.9,46.52,1443.305
PF-0249,Polyethylene,Calcium carbonate,Zinc stearate,17.29,1.34,216216.0,,183.3,14.2,,56.7,1.85,1441.0,53.0,Op-E,Line-1,69.0,,Q-034,0.2946,24.62,59.27,460.004
PF-0250,Poly(methyl methacrylate),Titanium dioxide,Pentaerythritol,1.48,0.78,101986.0,18.29,217.6,15.0,77.0,80.2,1.48,3265.0,239.3,Op-F,Line-3,36.5,19.3,Q-042,0.8965,72.4,86.25,269.608
PF-0251,Poly(methyl methacrylate),Triacetin,Pentaerythritol,6.19,1.73,132569.0,18.08,217.2,11.4,245.0,7.0,2.35,3222.0,140.6,Op-B,Line-3,35.5,18.2,Q-053,0.1541,69.78,93.07,513.7
PF-0252,Poly(vinyl alcohol),Calcium carbonate,Zinc stearate,15.38,1.65,87142.0,1.46,183.5,10.6,297.0,86.6,3.31,4825.0,298.4,Op-B,Line-3,40.4,29.7,Q-001,0.6453,81.47,71.82,3.947
PF-0253,Nylon 6,,Zinc stearate,2.85,1.03,22773.0,5.6,,20.5,184.0,88.3,1.56,3477.0,32.9,Op-C,Line-3,28.1,25.1,Q-013,0.8373,83.21,84.75,48.28
PF-0254,Polyethylene,Erucamide,Pentaerythritol,1.7,0.34,196293.0,10.42,179.5,8.6,131.0,94.5,2.32,3646.0,243.1,Op-D,Line-3,35.1,25.7,Q-044,0.8508,26.4,90.9,2539.37
PF-0255,Poly(vinyl chloride),2-Hydroxy-4-methoxybenzophenone,Maleic anhydride,0.58,0.84,116756.0,10.29,157.8,25.4,227.0,80.6,3.35,2561.0,265.3,Op-F,Line-2,51.9,22.2,Q-025,0.8637,59.49,80.15,96.419
PF-0256,Polyethylene,Dioctyl phthalate,None,10.42,0.0,177193.0,14.76,170.2,21.1,188.0,46.9,4.42,2475.0,62.1,Op-E,Line-1,,18.3,Q-001,0.8616,25.91,90.94,2022.023
PF-0257,Poly(lactic acid),Glycerol,Zinc stearate,9.56,0.5,133363.0,18.23,198.2,,340.0,9.4,2.35,1511.0,281.7,Op-C,Line-1,48.9,19.0,Q-032,0.6344,56.29,88.26,706.211
PF-0258,Polyethylene,Benzophenone,None,1.33,0.0,184666.0,8.44,185.7,19.9,214.0,47.2,4.76,,108.0,Op-E,Line-2,40.1,18.3,Q-023,0.5711,33.63,86.06,937.015
PF-0259,Polyethylene,Triacetin,None,11.14,0.0,204870.0,8.6,194.8,28.6,137.0,4.9,1.09,1445.0,,Op-C,Line-1,44.5,24.0,Q-020,0.646,,87.5,1504.5
PF-0260,Polystyrene,Stearic acid,Sorbitol,2.27,1.68,196190.0,1.09,217.7,9.9,341.0,,2.32,3281.0,97.9,Op-D,Line-1,,18.3,Q-013,0.4097,54.22,94.53,1951.998
PF-0261,Poly(ethylene terephthalate),Dioctyl phthalate,Zinc stearate,23.15,0.71,67780.0,7.5,261.3,20.1,355.0,55.0,2.41,4780.0,55.4,Op-C,Line-1,37.6,21.6,Q-020,0.8405,74.32,,53.519
PF-0262,Polystyrene,Benzophenone,Zinc stearate,2.42,0.39,193755.0,2.04,237.2,2.4,238.0,79.7,3.17,646.0,259.7,Op-E,Line-2,68.9,22.7,Q-020,0.2092,47.62,90.54,2364.254
PF-0263,Nylon 6,Irganox 1010,Sorbitol,0.17,1.72,25383.0,6.15,256.5,,235.0,45.9,1.61,3447.0,145.2,Op-B,Line-1,38.9,26.0,Q-004,0.8091,,85.42,77.492
PF-0264,Polyethylene,Stearic acid,Maleic anhydride,2.95,2.34,222083.0,4.51,158.0,6.1,222.0,98.8,1.62,1829.0,156.7,Op-C,Line-3,62.3,26.3,Q-056,0.1915,19.1,89.45,1684.219
PF-0265,Polyethylene,Dibutyl phthalate,Maleic anhydride,14.15,2.6,133959.0,19.94,160.7,20.0,323.0,21.9,2.61,1499.0,239.5,Op-C,Line-1,52.3,19.3,Q-055,0.5584,14.55,93.39,1462.283
PF-0266,Polystyrene,Talc,None,24.61,0.0,302213.0,4.25,215.8,20.7,109.0,97.1,4.69,,186.1,Op-D,Line-2,49.7,18.2,Q-027,0.93,68.3,47.47,379.108
PF-0267,Poly(ethylene terephthalate),Butylated hydroxytoluene,Pentaerythritol,0.78,1.38,63427.0,12.43,286.6,24.5,,36.9,4.91,4206.0,105.6,Op-C,Line-1,,20.1,Q-032,0.4641,96.28,92.68,49.448
PF-0268,Polyethylene,Dibutyl phthalate,Maleic anhydride,14.87,,144556.0,11.37,181.7,24.2,341.0,36.0,4.78,1106.0,228.1,Op-D,Line-3,62.5,24.1,Q-054,0.1041,28.89,91.37,
PF-0269,Nylon 6,2-Hydroxy-4-methoxybenzophenone,None,0.26,0.0,24002.0,7.27,250.4,5.4,379.0,21.4,4.97,4610.0,232.3,Op-B,Line-3,58.0,24.4,Q-051,0.2891,90.63,88.17,42.885
PF-0270,Poly(vinyl chloride),,Maleic anhydride,1.51,2.45,71517.0,0.73,190.8,22.0,392.0,44.8,4.1,3070.0,219.2,Op-F,Line-3,36.3,26.9,Q-006,0.815,68.78,83.88,115.395
PF-0271,Poly(methyl methacrylate),Butylated hydroxytoluene,None,0.9,0.0,172812.0,7.11,223.4,22.8,344.0,43.7,,2596.0,219.7,Op-F,Line-3,45.8,28.8,Q-008,0.6395,83.32,99.0,
PF-0272,Polyethylene,Benzophenone,None,0.49,0.0,239852.0,7.02,180.1,24.6,78.0,3.7,,550.0,18.6,Op-B,Line-3,27.1,,Q-014,0.7499,28.17,88.78,1220.301
PF-0273,Polycarbonate,Benzophenone,Pentaerythritol,0.58,,28576.0,5.05,286.0,5.7,98.0,20.3,1.92,2752.0,73.1,Op-B,Line-1,60.5,28.1,Q-001,0.4825,62.56,88.55,1034.184
PF-0274,Poly(ethylene terephthalate),Titanium dioxide,Sorbitol,12.75,0.3,40144.0,0.99,260.3,16.0,208.0,36.8,2.6,2926.0,191.6,Op-E,Line-1,50.0,24.6,Q-026,0.1799,90.38,66.88,
PF-0275,Polyethylene,Stearic acid,None,0.45,0.0,126859.0,14.29,170.9,25.3,385.0,43.8,1.65,3148.0,266.5,Op-E,Line-3,37.9,27.4,Q-013,0.2405,20.06,92.86,
PF-0276,Polystyrene,Glycerol,None,14.65,,285502.0,13.07,240.0,13.4,382.0,3.6,1.51,3960.0,,Op-A,Line-1,42.4,19.7,Q-019,0.3531,,91.13,6172.888
PF-0277,Nylon 6,Acetyl tributyl citrate,None,14.0,0.0,26064.0,6.41,242.5,15.2,178.0,27.1,1.14,2370.0,158.4,Op-C,Line-3,68.1,26.4,Q-048,0.3235,73.77,88.72,
PF-0278,Poly(lactic acid),Stearic acid,None,2.46,0.0,172804.0,11.32,199.0,18.0,136.0,6.5,3.3,4803.0,63.3,Op-E,Line-2,63.6,24.7,Q-012,0.3794,,91.6,575.645
PF-0279,Polyethylene,Glycerol,None,13.88,0.0,166201.0,13.22,172.8,9.6,215.0,3.9,4.3,1589.0,180.5,Op-D,Line-2,24.7,22.1,Q-014,0.7559,20.23,86.51,2031.528
PF-0280,Poly(vinyl chloride),2-Hydroxy-4-methoxybenzophenone,None,0.34,0.0,69967.0,9.85,172.2,6.1,344.0,8.8,3.82,4521.0,167.7,Op-D,Line-3,40.2,23.7,Q-012,0.5556,62.18,78.79,60.553
PF-0281,Poly(methyl methacrylate),Erucamide,None,1.33,0.0,101991.0,5.05,224.9,19.8,220.0,34.2,2.91,3084.0,247.0,Op-E,Line-1,27.7,23.5,Q-038,0.1793,77.29,,303.639
PF-0282,Polyethylene,Acetyl tributyl citrate,None,22.62,0.0,83841.0,6.64,179.7,28.7,361.0,11.9,4.35,1237.0,171.1,Op-F,Line-2,31.5,22.0,Q-038,0.7197,22.36,90.38,1423.621
PF-0283,Nylon 6,Calcium carbonate,Zinc stearate,24.31,0.54,36301.0,13.27,245.5,24.9,379.0,21.4,1.47,3282.0,197.3,Op-A,Line-1,47.0,24.9,Q-015,0.888,84.6,46.64,15.907
PF-0284,Poly(lactic acid),Stearic acid,Maleic anhydride,2.54,1.2,100017.0,19.51,180.2,9.2,192.0,8.1,4.0,2620.0,129.0,Op-F,Line-1,22.4,27.7,Q-028,0.5809,70.84,92.08,381.53
PF-0285,Nylon 6,Erucamide,None,1.11,0.0,28515.0,0.65,254.4,10.2,203.0,63.1,3.26,4134.0,276.1,Op-D,Line-3,45.3,22.4,Q-011,0.8915,85.1,88.25,38.379
PF-0286,Poly(lactic acid),Irganox 1010,None,0.98,,116893.0,16.2,197.2,17.1,90.0,7.1,2.09,643.0,168.8,Op-C,Line-3,62.3,25.4,Q-001,0.6465,58.65,95.32,518.242
PF-0287,Poly(vinyl alcohol),Titanium dioxide,Maleic anhydride,14.29,2.14,94500.0,8.41,193.9,17.4,72.0,72.2,3.66,1367.0,196.3,Op-A,Line-3,30.0,28.6,Q-049,0.4412,87.16,59.17,1.631
PF-0288,Polyethylene,Butylated hydroxytoluene,Sorbitol,0.67,0.4,181901.0,9.2,194.7,,120.0,69.3,3.03,3943.0,110.8,Op-A,Line-3,41.0,27.5,Q-055,0.57,19.69,86.62,1382.63
PF-0289,Polypropylene,Butylated hydroxytoluene,None,0.23,,168242.0,9.48,193.3,15.8,375.0,37.3,2.03,1318.0,91.7,Op-A,Line-1,58.8,28.6,Q-026,0.464,38.26,93.71,
PF-0290,Polyethylene,Irganox 1010,Pentaerythritol,0.52,1.82,86404.0,15.66,153.5,24.8,279.0,,3.09,802.0,206.0,Op-B,Line-3,66.9,21.4,Q-048,0.5382,23.75,84.96,
PF-0291,Polystyrene,Glycerol,Sorbitol,17.97,1.39,246179.0,19.84,214.5,8.5,115.0,18.0,4.51,3837.0,14.7,Op-E,Line-2,46.2,20.8,Q-052,0.1236,45.87,91.34,3099.217
PF-0292,Poly(lactic acid),Irganox 1010,None,0.29,0.0,,8.2,197.7,17.5,68.0,73.9,4.24,3637.0,289.9,Op-B,Line-2,40.5,23.3,Q-027,0.5127,62.53,94.59,311.455
PF-0293,Nylon 6,Irganox 1010,None,0.96,0.0,25144.0,14.91,,20.6,219.0,81.7,3.66,4109.0,72.1,Op-E,Line-1,54.6,19.9,Q-041,0.5566,91.93,86.91,36.183
PF-0294,Poly(methyl methacrylate),Erucamide,Zinc stearate,0.29,0.35,143982.0,7.84,211.0,20.7,110.0,54.2,,,22.8,Op-C,Line-1,54.6,27.1,Q-019,0.616,73.81,93.28,404.259
PF-0295,Polypropylene,Irganox 1010,None,,0.0,271072.0,14.94,,25.3,260.0,39.4,2.93,2520.0,102.2,Op-D,Line-2,21.0,23.7,Q-057,0.9157,44.29,91.01,1309.391
PF-0296,Poly(vinyl chloride),Dioctyl phthalate,None,16.46,0.0,82002.0,,176.7,8.8,57.0,69.5,1.77,2572.0,28.1,Op-F,Line-3,57.3,22.4,Q-018,0.5069,45.94,81.99,199.125
PF-0297,Nylon 6,Talc,None,17.66,0.0,34498.0,18.67,256.3,16.3,81.0,35.5,4.61,,280.9,Op-D,Line-1,64.2,27.7,Q-030,0.7761,88.12,45.1,9.706
PF-0298,Poly(ethylene terephthalate),2-Hydroxy-4-methoxybenzophenone,Zinc stearate,1.69,1.71,72399.0,11.5,268.3,25.1,308.0,,4.88,3955.0,193.8,Op-F,Line-1,34.3,29.0,Q-016,0.6212,99.45,90.14,49.389
PF-0299,Polypropylene,Titanium dioxide,Pentaerythritol,9.58,0.2,361040.0,7.36,214.7,12.6,248.0,48.9,2.1,1995.0,38.6,Op-A,Line-1,26.6,27.4,Q-017,0.2724,43.47,67.22,576.892
PF-0300,Polyethylene,Triacetin,Zinc stearate,,0.91,85904.0,18.21,174.5,3.6,340.0,12.3,3.3,692.0,178.9,Op-A,Line-1,55.4,26.0,Q-051,0.4151,19.12,,1452.605
PF-0301,Poly(vinyl chloride),Titanium dioxide,Sorbitol,6.06,1.91,100384.0,16.69,177.6,22.0,300.0,72.3,1.93,2365.0,192.4,Op-E,Line-3,38.0,26.9,Q-041,0.4884,59.51,68.39,103.126
PF-0302,Poly(vinyl chloride),Calcium carbonate,Pentaerythritol,23.35,1.53,123962.0,0.94,175.7,2.6,151.0,46.9,1.77,3716.0,38.5,Op-B,Line-1,27.1,18.4,Q-017,0.0103,60.58,42.41,57.724
PF-0303,Polypropylene,Butylated hydroxytoluene,None,0.76,0.0,366987.0,8.16,197.8,6.6,279.0,82.2,3.53,4108.0,129.1,Op-D,Line-3,37.5,28.0,Q-005,0.3765,44.3,92.92,1300.681
PF-0304,Polypropylene,Glycerol,Pentaerythritol,12.57,1.43,321486.0,3.82,194.3,18.2,222.0,15.7,3.19,3228.0,241.7,Op-C,Line-2,37.9,21.0,Q-036,0.6341,36.09,90.28,1326.88
PF-0305,Poly(vinyl chloride),Titanium dioxide,Maleic anhydride,6.31,,79140.0,17.59,183.9,26.6,280.0,53.6,3.65,4504.0,216.1,Op-E,Line-1,,21.2,Q-018,0.0236,67.29,64.06,76.422
PF-0306,Poly(vinyl alcohol),Irganox 1010,Pentaerythritol,,1.5,81097.0,9.19,,5.0,267.0,62.5,1.87,4058.0,49.1,Op-B,Line-2,28.2,24.3,Q-018,0.8839,75.8,96.01,5.032
PF-0307,Polycarbonate,Talc,Pentaerythritol,15.37,1.31,26670.0,9.06,254.7,11.2,394.0,59.6,4.64,2636.0,281.2,Op-D,Line-3,63.2,27.4,Q-025,0.4969,77.51,64.56,324.851
PF-0308,Poly(lactic acid),Irganox 1010,Sorbitol,0.52,1.82,82863.0,18.45,193.2,23.9,343.0,67.6,1.03,1659.0,255.9,Op-E,Line-1,41.8,25.9,Q-041,0.5436,63.27,95.98,566.259
PF-0309,Polyethylene,Dioctyl phthalate,Zinc stearate,,1.11,117418.0,5.79,156.5,8.0,324.0,40.0,,1276.0,283.2,Op-E,Line-2,54.8,21.8,Q-047,0.9104,10.26,89.47,1839.442
PF-0310,Poly(vinyl chloride),Acetyl tributyl citrate,None,15.17,0.0,119565.0,5.73,180.2,10.9,369.0,34.3,2.76,4895.0,136.7,Op-C,Line-3,35.5,19.1,Q-015,0.4474,54.7,86.83,106.849
PF-0311,Poly(lactic acid),Talc,Zinc stearate,8.4,0.37,147932.0,,204.8,25.5,311.0,59.1,1.47,1550.0,101.7,Op-F,Line-3,65.0,25.4,Q-014,0.6466,60.56,74.42,510.262
PF-0312,Nylon 6,Stearic acid,Pentaerythritol,,0.24,22497.0,2.1,,16.4,198.0,52.4,4.35,2805.0,138.2,Op-E,Line-3,40.1,,Q-021,0.3293,91.09,86.14,45.211
PF-0313,Poly(vinyl alcohol),Triacetin,Maleic anhydride,8.14,2.21,46091.0,14.7,196.9,4.6,73.0,31.7,4.75,4238.0,213.1,Op-C,Line-3,28.1,24.2,Q-052,0.3566,79.7,91.02,3.26
PF-0314,Polypropylene,Benzophenone,Pentaerythritol,2.14,1.44,245773.0,4.97,219.5,18.6,396.0,10.0,4.52,4149.0,90.9,Op-C,Line-2,40.0,24.9,Q-027,0.5822,49.92,89.12,727.977
PF-0315,Polyethylene,Stearic acid,Pentaerythritol,1.79,1.03,217595.0,10.22,149.9,13.7,,32.3,3.73,1137.0,85.7,Op-B,Line-3,41.6,18.3,Q-059,0.2282,23.2,87.53,
PF-0316,Polystyrene,Titanium dioxide,None,2.41,0.0,263258.0,0.73,210.7,8.2,333.0,61.6,3.66,3075.0,290.9,Op-B,Line-3,53.9,19.6,Q-044,0.7394,62.36,89.68,
PF-0317,Poly(lactic acid),Stearic acid,None,2.12,0.0,126003.0,13.67,182.7,,350.0,60.5,3.49,4798.0,233.1,Op-C,Line-2,24.2,29.8,Q-056,0.4435,,93.88,513.97
PF-0318,Poly(lactic acid),Butylated hydroxytoluene,Maleic anhydride,0.42,,,8.73,207.1,18.5,135.0,52.7,3.49,2749.0,139.7,Op-F,Line-2,65.1,25.7,Q-041,0.2088,,90.59,494.781
PF-0319,Polystyrene,Triacetin,None,5.39,0.0,,3.03,230.3,10.4,162.0,11.1,2.03,1053.0,150.2,Op-C,Line-1,32.1,29.4,Q-002,0.1368,44.18,90.93,1443.659
PF-0320,Poly(vinyl chloride),2-Hydroxy-4-methoxybenzophenone,Maleic anhydride,1.59,1.81,79126.0,13.58,193.4,9.8,389.0,74.5,2.22,430.0,196.2,Op-E,Line-1,38.9,23.8,Q-006,0.6398,60.28,78.86,146.239
PF-0321,Poly(methyl methacrylate),Dibutyl phthalate,None,21.98,0.0,135267.0,0.96,198.2,4.0,274.0,89.0,2.32,89.0,95.9,Op-A,Line-2,49.5,18.3,Q-021,0.7902,,92.16,807.732
PF-0322,Polystyrene,Benzophenone,Zinc stearate,1.77,,158625.0,15.3,228.0,5.9,218.0,61.9,1.46,4076.0,128.7,Op-A,Line-3,40.5,28.7,Q-013,0.0754,48.86,89.63,2557.896
PF-0323,Poly(methyl methacrylate),Calcium carbonate,None,18.57,0.0,178155.0,10.5,219.0,7.4,106.0,63.6,1.7,302.0,64.4,Op-D,Line-2,35.5,27.3,Q-016,0.17,76.4,64.68,187.708
PF-0324,Polystyrene,2-Hydroxy-4-methoxybenzophenone,Zinc stearate,2.28,1.65,,11.92,220.9,11.6,219.0,76.9,2.72,753.0,132.3,Op-F,Line-1,38.8,,Q-057,0.9764,55.13,96.93,3010.085
PF-0325,Poly(lactic acid),Titanium dioxide,Sorbitol,2.87,1.94,160231.0,15.78,188.5,13.4,313.0,,,1674.0,43.0,Op-B,Line-3,,24.3,Q-047,0.7998,75.68,79.46,300.635
PF-0326,Poly(vinyl chloride),2-Hydroxy-4-methoxybenzophenone,Maleic anhydride,1.47,1.89,75252.0,14.57,156.8,10.0,327.0,55.8,1.97,4583.0,63.8,Op-A,Line-3,26.8,26.4,Q-048,0.1814,55.03,78.69,115.835
PF-0327,Poly(vinyl alcohol),Triacetin,Zinc stearate,19.87,1.12,116461.0,9.85,202.0,8.1,312.0,45.3,2.4,4013.0,88.8,Op-F,Line-2,57.9,23.7,Q-051,0.7642,72.56,97.82,5.9
PF-0328,Nylon 6,Dibutyl phthalate,None,16.38,0.0,27313.0,1.95,270.9,5.2,153.0,54.9,3.13,2020.0,,Op-D,Line-1,50.3,28.2,Q-053,0.6594,66.01,80.36,
PF-0329,Poly(ethylene terephthalate),Benzophenone,Sorbitol,1.97,1.73,45520.0,0.46,265.3,27.3,217.0,86.6,3.05,4534.0,282.1,Op-B,Line-2,39.1,26.6,Q-039,0.7972,85.83,94.78,54.625
PF-0330,Polypropylene,Dioctyl phthalate,Maleic anhydride,29.15,2.7,185179.0,,198.4,4.6,177.0,41.3,3.41,1716.0,149.4,Op-A,Line-2,37.0,23.5,Q-002,0.975,25.11,93.23,4162.04
PF-0331,Poly(lactic acid),Triacetin,Pentaerythritol,4.58,1.53,166963.0,11.15,190.1,,274.0,52.6,3.91,4749.0,143.1,Op-C,Line-3,64.9,,Q-055,0.4759,69.81,97.67,412.771
PF-0332,Polyethylene,Stearic acid,None,1.67,0.0,207387.0,17.01,180.3,,375.0,44.0,3.19,3727.0,134.5,Op-A,Line-2,55.1,24.0,Q-047,0.3634,30.05,86.72,1121.157
PF-0333,Poly(vinyl chloride),Dioctyl phthalate,None,11.16,0.0,,7.99,196.6,29.6,117.0,29.6,4.87,4447.0,194.7,Op-C,Line-2,34.5,23.6,Q-058,0.0474,55.12,82.78,
PF-0334,Polyethylene,Calcium carbonate,Maleic anhydride,24.74,0.44,97998.0,17.52,176.6,23.0,144.0,26.2,4.21,121.0,127.5,Op-B,Line-2,32.3,20.9,Q-005,0.755,28.77,45.1,479.938
PF-0335,Poly(methyl methacrylate),Talc,Pentaerythritol,20.21,0.18,90570.0,3.68,,4.1,327.0,84.9,4.64,3203.0,124.8,Op-E,Line-3,57.8,23.0,Q-035,0.4396,79.2,57.51,101.201
PF-0336,Nylon 6,Dibutyl phthalate,None,19.29,0.0,20058.0,14.57,241.9,2.0,397.0,24.8,4.31,2503.0,55.0,Op-B,Line-1,,23.6,Q-047,0.0561,74.12,86.23,22.039
PF-0337,Polypropylene,Glycerol,Sorbitol,,0.35,185443.0,0.22,196.3,7.5,323.0,69.1,1.42,220.0,166.4,Op-C,Line-2,55.8,25.2,Q-010,0.0231,30.98,91.52,
PF-0338,Nylon 6,Benzophenone,None,1.24,0.0,27686.0,17.87,223.8,16.7,308.0,80.2,2.15,193.0,269.1,Op-A,Line-3,28.8,,Q-023,0.3648,75.02,85.77,52.498
PF-0339,Polyethylene,Titanium dioxide,Sorbitol,5.92,0.67,197688.0,10.96,185.8,5.6,185.0,80.5,3.88,3624.0,27.9,Op-B,Line-3,35.8,22.7,Q-047,0.4577,28.79,73.58,
PF-0340,Nylon 6,Calcium carbonate,Zinc stearate,17.82,1.95,34161.0,1.17,,4.6,127.0,41.7,4.01,4256.0,265.9,Op-C,Line-1,44.6,22.8,Q-017,0.5327,88.44,57.38,
PF-0341,Poly(vinyl alcohol),2-Hydroxy-4-methoxybenzophenone,Sorbitol,0.94,1.23,69057.0,3.64,201.2,2.2,165.0,83.0,4.17,3547.0,242.1,Op-D,Line-3,59.4,23.2,Q-058,0.471,83.94,94.39,3.634
PF-0342,Polycarbonate,2-Hydroxy-4-methoxybenzophenone,None,1.19,0.0,58550.0,1.46,256.2,22.5,62.0,26.8,3.68,792.0,39.9,Op-E,Line-1,50.2,29.2,Q-049,0.7594,78.24,92.56,392.328
PF-0343,Poly(ethylene terephthalate),Butylated hydroxytoluene,Maleic anhydride,0.5,2.37,49126.0,9.99,266.5,15.6,316.0,87.5,3.34,4925.0,21.0,Op-A,Line-3,69.7,21.1,Q-055,0.7118,,95.55,60.751
PF-0344,Poly(methyl methacrylate),Dioctyl phthalate,Zinc stearate,21.35,0.74,132232.0,7.66,210.5,20.4,90.0,70.4,2.16,2971.0,93.6,Op-E,Line-3,23.3,26.8,Q-019,0.4576,53.28,99.0,538.689
PF-0345,Poly(ethylene terephthalate),2-Hydroxy-4-methoxybenzophenone,Sorbitol,1.63,1.54,70931.0,12.35,267.0,20.7,317.0,14.5,3.9,1211.0,105.9,Op-D,Line-1,46.6,21.5,Q-032,0.6172,96.25,88.01,21.387
PF-0346,Poly(ethylene terephthalate),Glycerol,Maleic anhydride,11.57,1.47,64993.0,9.14,276.0,5.7,160.0,35.1,5.0,2588.0,147.1,Op-E,Line-1,56.4,26.9,Q-005,0.0455,90.24,89.11,49.974
PF-0347,Polystyrene,2-Hydroxy-4-methoxybenzophenone,None,1.59,0.0,199398.0,6.74,198.4,,,86.7,3.4,4485.0,215.6,Op-F,Line-2,21.3,28.6,Q-048,0.4189,49.86,91.02,2072.477
PF-0348,Nylon 6,Butylated hydroxytoluene,None,0.13,0.0,26735.0,18.67,258.2,29.5,291.0,50.4,2.1,2352.0,162.3,Op-D,Line-3,27.6,19.5,Q-041,0.3644,83.07,,40.745
PF-0349,Poly(methyl methacrylate),Calcium carbonate,Sorbitol,6.89,0.33,180236.0,7.9,218.1,8.5,333.0,45.1,1.41,3208.0,218.8,Op-E,Line-3,30.4,25.5,Q-055,0.3163,78.12,83.29,356.759
PF-0350,Polycarbonate,Talc,None,24.48,0.0,57610.0,0.9,260.1,11.0,247.0,54.8,3.8,1239.0,277.0,Op-E,Line-2,69.1,23.0,Q-042,0.831,86.39,51.56,199.31
PF-0351,Polypropylene,2-Hydroxy-4-methoxybenzophenone,Pentaerythritol,0.31,1.97,293259.0,7.93,205.2,25.3,76.0,88.9,1.35,1561.0,281.4,Op-B,Line-3,21.6,25.1,Q-040,0.5746,38.95,94.95,1507.758
PF-0352,Poly(methyl methacrylate),Dibutyl phthalate,Zinc stearate,,1.25,99477.0,4.47,223.8,10.5,385.0,96.5,3.5,,34.8,Op-D,Line-1,20.3,21.5,Q-032,0.9487,64.9,,582.585
PF-0353,Polypropylene,Benzophenone,None,2.83,0.0,364795.0,17.99,212.5,15.3,184.0,12.9,4.81,4252.0,38.9,Op-C,Line-3,38.7,19.8,Q-023,0.4362,51.7,90.04,615.663
PF-0354,Nylon 6,Butylated hydroxytoluene,Pentaerythritol,0.85,0.42,,7.24,264.9,4.3,179.0,,2.28,4844.0,151.1,Op-C,Line-1,29.7,29.8,Q-044,0.6395,79.87,86.54,45.653
PF-0355,Polyethylene,Dioctyl phthalate,Maleic anhydride,29.96,0.53,200544.0,8.7,170.4,4.3,189.0,11.2,3.22,341.0,62.5,Op-F,Line-3,64.6,19.6,Q-024,0.0709,8.34,,2935.089
PF-0356,Polycarbonate,Stearic acid,Maleic anhydride,,2.14,27568.0,16.12,256.1,16.6,151.0,62.1,3.5,471.0,151.5,Op-D,Line-2,,25.5,Q-055,0.1605,75.44,91.04,768.822
PF-0357,Polyethylene,Talc,Sorbitol,7.28,0.64,112647.0,0.53,192.8,14.1,161.0,54.7,4.94,3524.0,33.0,Op-D,Line-3,26.1,25.3,Q-037,0.4095,32.53,78.5,1295.737
PF-0358,Poly(methyl methacrylate),Dibutyl phthalate,None,3.11,0.0,81024.0,14.96,210.9,29.6,67.0,75.8,4.23,1332.0,249.3,Op-E,Line-1,36.6,20.5,Q-002,0.3534,73.54,96.2,337.581
PF-0359,Poly(vinyl chloride),Benzophenone,None,0.91,0.0,,7.99,166.2,4.3,,55.6,1.13,1336.0,119.8,Op-A,Line-1,47.9,24.0,Q-038,0.1026,49.13,83.17,118.623
PF-0360,Polyethylene,2-Hydroxy-4-methoxybenzophenone,None,,0.0,154726.0,5.4,182.0,10.6,322.0,36.0,2.38,600.0,187.0,Op-E,Line-3,23.1,19.9,Q-001,0.7401,25.66,88.58,1825.406
PF-0361,Polyethylene,Dibutyl phthalate,Pentaerythritol,8.25,0.82,160864.0,19.85,198.5,15.9,149.0,,2.92,2385.0,45.9,Op-F,Line-2,27.9,29.3,Q-032,0.4555,18.82,91.1,4374.906
PF-0362,Polyethylene,Triacetin,Sorbitol,17.61,1.05,134544.0,12.54,159.4,10.0,156.0,57.9,2.46,715.0,107.9,Op-D,Line-3,27.2,23.9,Q-014,0.53,10.05,88.24,2979.047
PF-0363,Polystyrene,Benzophenone,Sorbitol,2.81,0.39,210507.0,11.39,231.7,25.4,127.0,98.4,2.44,,83.1,Op-D,Line-3,44.0,18.1,Q-016,0.3679,48.83,91.51,2488.434
PF-0364,Poly(lactic acid),Dibutyl phthalate,Sorbitol,11.91,0.41,108860.0,18.53,180.4,20.8,203.0,60.0,1.28,4131.0,209.0,Op-B,Line-1,50.2,21.5,Q-021,0.1387,54.7,93.09,1055.343
PF-0365,Poly(vinyl chloride),Butylated hydroxytoluene,Sorbitol,0.94,0.4,89229.0,15.62,187.9,14.4,218.0,52.0,1.4,2393.0,175.2,Op-D,Line-1,44.0,24.1,Q-009,0.9697,57.92,82.44,138.544
PF-0366,Polyethylene,Titanium dioxide,None,16.18,0.0,224334.0,17.17,172.5,29.5,323.0,20.0,4.54,1531.0,21.7,Op-B,Line-3,69.3,22.5,Q-039,0.5164,36.31,48.69,
PF-0367,Poly(lactic acid),Titanium dioxide,None,16.71,0.0,97141.0,3.59,,23.8,147.0,32.2,2.59,1490.0,122.7,Op-F,Line-3,41.6,24.6,Q-011,0.8786,63.03,52.5,223.237
PF-0368,Polypropylene,Stearic acid,None,0.81,0.0,,18.94,214.9,,,3.2,4.9,1195.0,218.8,Op-D,Line-1,32.5,28.1,Q-036,0.7307,42.28,91.1,720.742
PF-0369,Polycarbonate,2-Hydroxy-4-methoxybenzophenone,Zinc stearate,2.86,0.41,34693.0,17.34,258.4,20.1,217.0,57.0,2.64,126.0,51.1,Op-A,Line-2,60.2,,Q-029,0.9111,75.64,92.7,897.018
PF-0370,Poly(vinyl chloride),Stearic acid,Maleic anhydride,1.09,2.63,102985.0,11.51,158.7,11.5,123.0,65.1,1.22,2922.0,179.4,Op-F,Line-1,50.4,28.3,Q-035,0.8564,,81.25,112.618
PF-0371,Poly(lactic acid),Dibutyl phthalate,Pentaerythritol,7.34,0.77,194605.0,0.8,199.7,25.7,208.0,28.2,1.76,928.0,32.2,Op-B,Line-2,69.7,24.7,Q-024,0.9552,59.1,93.46,543.544
PF-0372,Nylon 6,Erucamide,None,0.86,0.0,28620.0,8.28,254.9,26.2,53.0,,3.63,4387.0,227.5,Op-E,Line-2,,28.2,Q-024,0.7394,86.63,86.8,42.673
PF-0373,Polyethylene,Titanium dioxide,Pentaerythritol,6.7,0.66,240122.0,15.07,186.4,8.9,145.0,72.9,2.25,1775.0,145.1,Op-E,Line-3,34.2,20.5,Q-024,0.8726,17.62,66.63,1850.843
PF-0374,Polyethylene,Stearic acid,None,2.29,0.0,179948.0,6.37,170.5,29.3,363.0,38.8,4.55,4114.0,180.8,Op-C,Line-3,46.7,23.4,Q-029,0.3608,31.39,91.5,1381.303
PF-0375,Polyethylene,Dioctyl phthalate,Maleic anhydride,13.32,2.52,152958.0,11.91,172.6,29.3,310.0,90.1,1.97,2051.0,226.2,Op-E,Line-2,38.7,19.8,Q-057,0.7224,18.25,91.78,4065.723
PF-0376,Polypropylene,Butylated hydroxytoluene,Maleic anhydride,0.25,2.43,301563.0,10.6,224.4,6.5,243.0,7.6,2.79,1774.0,291.1,Op-A,Line-1,59.8,22.5,Q-050,0.1671,46.09,89.08,992.376
PF-0377,Poly(ethylene terephthalate),Glycerol,Pentaerythritol,3.96,1.02,73677.0,7.01,251.6,8.2,66.0,72.3,,1988.0,261.7,Op-A,Line-1,42.4,24.7,Q-046,0.4954,88.16,,41.892
PF-0378,Poly(ethylene terephthalate),Irganox 1010,Pentaerythritol,0.14,0.16,52497.0,11.12,280.2,15.1,350.0,3.3,1.43,,260.2,Op-E,Line-3,20.6,23.1,Q-014,0.887,88.0,89.72,39.77
PF-0379,Polyethylene,Calcium carbonate,None,29.86,0.0,164209.0,2.47,170.5,,268.0,49.6,3.42,1533.0,88.4,Op-A,Line-3,69.6,27.4,Q-009,0.5861,37.59,41.52,520.79
PF-0380,Polyethylene,Dioctyl phthalate,Pentaerythritol,17.92,1.01,161307.0,13.85,175.4,13.9,218.0,71.4,4.8,2018.0,107.5,Op-D,Line-1,53.7,21.6,Q-008,0.5374,24.71,90.46,2133.85
PF-0381,Poly(vinyl chloride),Butylated hydroxytoluene,Maleic anhydride,0.26,2.5,64935.0,0.87,184.0,7.5,150.0,63.6,4.21,2108.0,295.1,Op-B,Line-1,59.7,18.2,Q-054,0.1252,,82.74,59.765
PF-0382,Poly(methyl methacrylate),Stearic acid,Sorbitol,2.67,1.09,98903.0,2.11,224.6,8.2,98.0,38.5,3.36,1434.0,21.5,Op-A,Line-2,49.1,24.0,Q-005,0.964,77.29,94.14,345.551
PF-0383,Polystyrene,Acetyl tributyl citrate,None,6.36,0.0,319449.0,5.7,194.2,29.6,59.0,62.3,4.7,293.0,233.4,Op-F,Line-2,24.6,28.1,Q-017,0.223,56.17,92.43,2069.475
PF-0384,Polycarbonate,Titanium dioxide,Zinc stearate,1.78,0.45,56128.0,5.94,263.7,8.2,141.0,42.1,4.11,2672.0,77.4,Op-D,Line-2,22.5,27.4,Q-006,0.5608,82.24,87.78,559.735
PF-0385,Poly(lactic acid),Triacetin,Maleic anhydride,18.38,2.1,98927.0,8.01,210.0,18.8,296.0,80.2,2.31,1920.0,294.8,Op-A,Line-2,23.5,28.5,Q-008,0.3518,47.42,91.06,875.023
PF-0386,Polystyrene,Butylated hydroxytoluene,None,0.13,0.0,277879.0,1.14,212.1,14.9,292.0,20.7,4.59,,232.5,Op-C,Line-1,48.5,20.6,Q-008,0.5327,,94.07,1626.979
PF-0387,Poly(vinyl chloride),Irganox 1010,None,0.31,0.0,128902.0,9.6,180.1,5.3,357.0,88.1,4.9,4680.0,11.9,Op-F,Line-2,36.5,22.9,Q-021,0.6311,69.43,87.42,
PF-0388,Polyethylene,Irganox 1010,Maleic anhydride,0.67,2.67,163382.0,3.84,181.0,15.0,119.0,40.0,4.64,1963.0,211.7,Op-A,Line-1,47.1,18.2,Q-030,0.0104,30.94,89.77,1250.157
PF-0389,Polypropylene,Dibutyl phthalate,Maleic anhydride,7.73,2.17,275250.0,8.65,213.8,26.4,337.0,88.8,4.8,549.0,267.6,Op-D,Line-2,56.0,29.8,Q-031,0.8303,47.77,95.0,1536.637
PF-0390,Poly(methyl methacrylate),Benzophenone,Sorbitol,0.83,1.44,160045.0,13.87,222.7,15.3,184.0,21.8,3.64,4035.0,286.3,Op-E,Line-3,39.2,20.4,Q-056,0.6196,80.4,93.56,243.507
PF-0391,Polystyrene,Irganox 1010,Maleic anhydride,0.55,2.06,177977.0,7.55,199.5,29.4,270.0,61.5,4.9,505.0,,Op-D,Line-2,35.9,20.4,Q-005,0.7455,,93.72,1608.161
PF-0392,Poly(methyl methacrylate),Dibutyl phthalate,None,4.05,0.0,102944.0,19.42,206.9,27.6,202.0,39.2,1.75,,122.4,Op-A,Line-3,40.3,29.7,Q-032,0.7788,65.68,94.26,227.538
PF-0393,Polystyrene,Stearic acid,Pentaerythritol,0.61,0.69,321503.0,5.9,198.3,2.9,133.0,3.9,3.77,2214.0,63.6,Op-D,Line-3,47.8,,Q-058,0.5948,51.45,86.74,1918.614
PF-0394,Polystyrene,Stearic acid,None,1.14,0.0,268297.0,9.37,199.9,10.2,,27.5,1.35,,63.2,Op-B,Line-3,36.0,28.5,Q-018,0.0499,52.32,92.53,2684.384
PF-0395,Poly(vinyl alcohol),Talc,Sorbitol,20.12,0.92,127470.0,15.5,201.6,,209.0,89.9,3.31,2852.0,289.6,Op-E,Line-1,68.0,20.3,Q-041,0.6864,85.24,50.48,1.457
PF-0396,Polystyrene,Triacetin,Pentaerythritol,6.09,0.15,321072.0,3.56,190.5,8.8,304.0,60.9,1.66,3391.0,270.4,Op-C,Line-3,57.1,,Q-049,0.8303,43.57,91.18,3389.541
PF-0397,Polypropylene,Titanium dioxide,Zinc stearate,16.61,1.11,388033.0,7.19,,12.2,330.0,29.3,3.47,2935.0,202.2,Op-A,Line-1,69.5,22.4,Q-033,0.013,,53.76,498.808
PF-0398,Polyethylene,Stearic acid,None,2.75,0.0,200841.0,10.57,173.3,25.3,65.0,48.3,2.0,373.0,213.5,Op-B,Line-2,22.2,22.2,Q-001,0.5892,,86.03,2918.433
PF-0399,Poly(lactic acid),Dibutyl phthalate,None,,0.0,164713.0,16.21,173.7,,56.0,60.0,4.9,923.0,150.4,Op-F,Line-1,60.4,22.3,Q-055,0.5488,59.56,92.88,
PF-0400,Poly(ethylene terephthalate),Irganox 1010,None,0.84,0.0,45030.0,,254.3,28.4,260.0,5.7,1.9,4877.0,159.5,Op-C,Line-2,64.0,18.9,Q-050,0.0394,87.92,88.87,66.128
PF-0401,Poly(vinyl chloride),Titanium dioxide,None,19.87,0.0,99569.0,17.87,218.0,18.0,284.0,67.0,4.14,533.0,142.4,Op-C,Line-2,66.6,,Q-052,0.7863,,24.67,42.228
PF-0402,Polycarbonate,Calcium carbonate,Pentaerythritol,16.75,1.45,46372.0,6.72,267.3,9.5,366.0,2.2,2.2,1723.0,257.2,Op-D,Line-1,45.9,19.7,Q-038,0.8836,74.75,63.41,326.726
PF-0403,Poly(methyl methacrylate),Triacetin,None,11.48,0.0,178747.0,16.68,230.4,25.7,145.0,82.2,2.81,2183.0,102.5,Op-B,Line-1,55.8,26.9,Q-044,0.8041,72.94,92.69,786.404
PF-0404,Polyethylene,Calcium carbonate,Pentaerythritol,,0.28,197213.0,12.79,163.6,20.5,193.0,27.2,2.55,2204.0,161.8,Op-C,Line-3,66.5,21.8,Q-026,0.436,24.49,49.39,590.595
PF-0405,Polypropylene,Glycerol,None,,0.0,386229.0,14.76,223.7,8.6,132.0,96.1,4.42,4763.0,212.1,Op-C,Line-3,49.1,21.3,Q-054,0.0502,,86.85,1685.528
PF-0406,Nylon 6,Dibutyl phthalate,Zinc stearate,14.83,0.69,22499.0,10.05,260.1,,77.0,78.3,4.34,3484.0,256.6,Op-B,Line-1,37.7,26.6,Q-010,0.7919,74.96,85.8,65.554
PF-0407,Polystyrene,Acetyl tributyl citrate,Sorbitol,7.86,0.77,249195.0,15.78,232.7,,153.0,20.2,2.56,2052.0,234.7,Op-A,Line-2,45.2,26.7,Q-004,0.8126,43.6,88.88,2527.772
PF-0408,Poly(lactic acid),Erucamide,Maleic anhydride,1.0,1.77,158809.0,4.53,186.4,27.6,111.0,59.6,3.67,1998.0,116.0,Op-A,Line-3,35.7,,Q-041,0.9371,69.13,94.7,367.085
PF-0409,Poly(vinyl chloride),Dibutyl phthalate,None,22.41,0.0,117320.0,9.31,165.9,21.6,94.0,37.7,2.75,90.0,,Op-C,Line-3,47.4,27.0,Q-032,0.4964,44.82,83.47,169.062
PF-0410,Poly(ethylene terephthalate),Stearic acid,Maleic anhydride,1.27,2.52,61189.0,0.72,255.4,21.1,194.0,84.2,2.5,2710.0,242.9,Op-D,Line-2,64.1,29.0,Q-047,0.2794,93.79,91.0,55.781
PF-0411,Poly(methyl methacrylate),Triacetin,None,3.29,0.0,160072.0,17.12,238.9,20.7,144.0,17.1,,335.0,150.5,Op-A,Line-2,55.0,20.3,Q-028,0.61,75.96,92.16,242.637
PF-0412,Nylon 6,Glycerol,Maleic anhydride,10.13,2.72,30862.0,17.2,252.3,2.7,353.0,15.7,3.36,3210.0,30.2,Op-E,Line-1,30.6,27.2,Q-043,0.5112,81.05,88.26,38.212
PF-0413,Polyethylene,Glycerol,Sorbitol,2.54,1.21,91014.0,,198.6,17.8,247.0,84.9,3.0,4550.0,123.8,Op-F,Line-3,51.5,22.9,Q-053,0.7565,13.68,85.72,2466.657
PF-0414,Polycarbonate,Dibutyl phthalate,Pentaerythritol,8.42,1.42,49198.0,15.65,246.4,14.2,283.0,47.6,4.35,4195.0,,Op-F,Line-3,63.7,21.6,Q-039,0.1114,,90.68,875.748
PF-0415,Polypropylene,Dioctyl phthalate,None,29.44,0.0,324392.0,9.98,200.2,29.1,348.0,57.1,2.68,,296.8,Op-B,Line-1,24.5,23.6,Q-058,0.8233,22.01,94.81,2742.141
PF-0416,Polystyrene,Erucamide,Maleic anhydride,1.12,0.82,271597.0,15.93,199.6,28.2,229.0,97.2,3.94,4475.0,198.4,Op-E,Line-2,43.2,19.4,Q-017,0.984,,94.0,1946.724
PF-0417,Polypropylene,Irganox 1010,Maleic anhydride,0.43,1.78,246487.0,15.5,192.0,28.5,,3.1,2.93,3418.0,230.6,Op-C,Line-1,63.2,19.2,Q-059,0.8284,40.56,89.15,690.166
PF-0418,Poly(ethylene terephthalate),Dibutyl phthalate,Maleic anhydride,8.63,0.53,37918.0,8.28,269.5,8.0,276.0,41.7,1.42,926.0,99.8,Op-D,Line-2,39.7,18.3,Q-024,0.1292,79.09,92.31,104.016
PF-0419,Polycarbonate,Stearic acid,None,1.52,0.0,44860.0,8.98,267.4,15.3,212.0,12.3,4.17,2762.0,141.6,Op-A,Line-3,56.0,22.8,Q-045,0.3744,77.42,91.18,
PF-0420,Polyethylene,Acetyl tributyl citrate,None,22.39,0.0,90446.0,6.75,185.9,21.5,255.0,32.2,2.63,,218.3,Op-B,Line-3,47.7,29.1,Q-039,0.9543,9.07,87.07,
PF-0421,Polypropylene,Dibutyl phthalate,Sorbitol,,0.22,298277.0,2.7,210.1,25.0,135.0,70.2,3.6,459.0,183.3,Op-A,Line-3,41.5,22.5,Q-045,0.5639,43.54,94.13,1466.26
PF-0422,Polystyrene,Glycerol,Sorbitol,17.13,,257536.0,8.56,215.0,6.2,101.0,46.4,1.72,1901.0,44.5,Op-D,Line-1,30.5,24.4,Q-039,0.0617,36.53,,5214.326
PF-0423,Poly(lactic acid),Dibutyl phthalate,None,18.65,0.0,156313.0,15.45,213.9,16.3,,22.1,1.32,,175.1,Op-E,Line-2,46.1,28.2,Q-004,0.2203,40.69,89.95,887.796
PF-0424,Poly(vinyl chloride),Butylated hydroxytoluene,Zinc stearate,0.75,1.41,114968.0,4.14,179.8,4.8,181.0,39.5,1.36,863.0,266.5,Op-B,Line-3,39.1,22.0,Q-037,0.6754,54.5,81.0,174.136
PF-0425,Polystyrene,Erucamide,None,0.83,0.0,275919.0,9.51,217.5,16.5,349.0,69.6,1.85,3995.0,173.1,Op-E,Line-2,28.7,24.4,Q-042,0.3327,57.07,95.5,4030.817
PF-0426,Polypropylene,Butylated hydroxytoluene,Pentaerythritol,0.55,0.1,225392.0,7.29,218.8,13.2,330.0,53.0,3.23,1854.0,256.1,Op-F,Line-3,27.8,21.7,Q-012,0.9218,41.99,92.92,1150.95
PF-0427,Poly(vinyl chloride),Stearic acid,None,1.08,0.0,92603.0,3.37,166.3,25.5,243.0,42.5,4.72,2879.0,252.3,Op-D,Line-1,67.1,21.2,Q-046,0.4479,64.17,82.89,60.855
PF-0428,Polystyrene,Dioctyl phthalate,Maleic anhydride,6.35,2.98,269468.0,16.1,250.5,10.0,,75.4,3.68,3812.0,284.0,Op-F,Line-3,38.3,29.6,Q-048,0.4911,48.43,92.97,3156.653
PF-0429,Poly(vinyl alcohol),Acetyl tributyl citrate,Zinc stearate,10.57,0.65,38996.0,4.19,203.1,21.2,325.0,91.3,2.4,3370.0,40.3,Op-E,Line-2,49.6,29.1,Q-009,0.2031,72.57,99.0,6.246
PF-0430,Poly(methyl methacrylate),Erucamide,Maleic anhydride,,1.61,96282.0,19.61,210.8,,112.0,26.8,2.47,1638.0,139.2,Op-E,Line-2,26.2,22.6,Q-051,0.8508,77.25,92.64,386.037
PF-0431,Poly(methyl methacrylate),2-Hydroxy-4-methoxybenzophenone,None,1.69,0.0,,6.96,217.7,19.3,107.0,92.0,4.11,542.0,293.5,Op-E,Line-2,47.5,24.8,Q-056,0.7711,78.92,99.0,282.987
PF-0432,Poly(ethylene terephthalate),Calcium carbonate,None,16.93,0.0,64537.0,1.8,,4.9,66.0,49.5,3.23,1805.0,,Op-A,Line-2,,,Q-010,0.8801,85.44,63.72,17.736
PF-0433,Poly(methyl methacrylate),Titanium dioxide,None,12.89,0.0,185334.0,8.43,210.5,19.0,207.0,8.0,4.22,,241.1,Op-F,Line-2,34.1,27.8,Q-042,0.4699,88.52,62.53,141.113
PF-0434,Polystyrene,Glycerol,Maleic anhydride,10.65,2.39,302164.0,7.99,188.5,22.7,122.0,,,,65.4,Op-B,Line-1,66.9,19.3,Q-055,0.2826,47.42,,3155.718
PF-0435,Polyethylene,2-Hydroxy-4-methoxybenzophenone,Zinc stearate,0.78,1.71,109747.0,9.99,175.7,9.5,255.0,38.6,3.05,970.0,136.6,Op-E,Line-3,38.0,20.8,Q-040,0.6653,21.47,88.68,1022.852
PF-0436,Poly(methyl methacrylate),Glycerol,Sorbitol,13.0,1.27,,19.13,,13.9,255.0,53.6,4.9,3640.0,10.6,Op-A,Line-3,49.9,18.6,Q-005,0.2354,74.01,95.3,380.331
PF-0437,Polystyrene,Titanium dioxide,Maleic anhydride,7.07,2.01,323944.0,19.49,205.6,,155.0,96.5,1.82,660.0,278.7,Op-F,Line-3,23.5,21.4,Q-056,0.6652,52.45,71.08,2424.731
PF-0438,Poly(methyl methacrylate),Acetyl tributyl citrate,None,10.66,0.0,91831.0,12.13,227.0,25.7,399.0,53.4,2.67,2395.0,174.7,Op-F,Line-2,29.4,18.2,Q-007,0.151,74.44,98.52,339.869
PF-0439,Poly(ethylene terephthalate),Stearic acid,Sorbitol,1.38,0.92,54095.0,0.46,268.9,7.1,383.0,6.2,3.29,4864.0,85.2,Op-C,Line-2,44.5,23.3,Q-016,0.0984,89.42,91.21,28.464
PF-0440,Polypropylene,Butylated hydroxytoluene,Sorbitol,0.59,0.72,174871.0,3.49,176.0,12.0,380.0,,4.17,,,Op-C,Line-1,38.6,23.5,Q-006,0.7778,43.41,84.24,1215.172
PF-0441,Polycarbonate,Dioctyl phthalate,None,9.04,0.0,47926.0,3.98,254.9,17.7,58.0,19.5,2.42,2382.0,132.8,Op-E,Line-1,33.0,21.2,Q-040,0.571,67.8,90.96,1165.057
PF-0442,Polypropylene,Irganox 1010,Pentaerythritol,0.43,0.47,274281.0,5.27,222.8,8.1,118.0,87.6,3.31,4523.0,37.7,Op-F,Line-2,69.7,26.8,Q-033,0.5286,36.8,,1682.928
PF-0443,Polypropylene,Stearic acid,Maleic anhydride,0.93,0.64,387736.0,4.22,194.6,17.4,258.0,40.8,2.57,2539.0,133.8,Op-D,Line-1,40.6,26.4,Q-057,0.7374,44.45,91.61,1469.397
PF-0444,Poly(lactic acid),Talc,None,4.96,0.0,138057.0,9.84,189.0,15.9,199.0,45.1,2.23,,13.3,Op-C,Line-2,46.7,27.1,Q-055,0.5323,58.45,81.24,325.225
PF-0445,Poly(ethylene terephthalate),Irganox 1010,Maleic anhydride,0.18,0.91,70757.0,19.76,264.1,12.2,80.0,8.9,1.89,1131.0,123.9,Op-B,Line-3,56.2,27.2,Q-029,0.4805,85.49,91.31,52.895
PF-0446,Polyethylene,Irganox 1010,Sorbitol,0.56,1.13,214622.0,14.72,,12.3,52.0,63.4,2.35,647.0,272.4,Op-D,Line-3,31.5,24.7,Q-058,0.7195,19.33,,2222.295
PF-0447,Poly(methyl methacrylate),Dibutyl phthalate,Pentaerythritol,24.58,1.86,148788.0,1.53,212.4,7.6,169.0,90.1,2.93,1174.0,186.0,Op-A,Line-3,54.1,23.4,Q-042,0.8377,50.83,97.68,815.426
PF-0448,Poly(ethylene terephthalate),Calcium carbonate,Sorbitol,8.94,1.52,77141.0,1.88,251.7,9.3,281.0,68.4,2.74,4874.0,180.8,Op-F,Line-1,20.3,22.4,Q-039,0.1085,89.85,77.41,36.315
PF-0449,Polyethylene,Dibutyl phthalate,Zinc stearate,21.18,1.29,173595.0,11.23,164.3,,360.0,22.8,1.07,4682.0,39.0,Op-B,Line-3,24.5,27.3,Q-023,0.3726,6.85,,3022.362
PF-0450,Poly(ethylene terephthalate),Calcium carbonate,None,27.59,0.0,44438.0,15.74,256.7,8.7,317.0,31.2,1.26,3878.0,52.2,Op-A,Line-1,,23.9,Q-058,0.9991,86.18,38.41,22.894
PF-0451,Poly(vinyl alcohol),Talc,Maleic anhydride,20.28,2.57,31742.0,2.52,212.3,7.1,267.0,87.8,,3199.0,76.8,Op-C,Line-3,26.6,24.0,Q-057,0.2897,76.94,60.65,1.612
PF-0452,Polypropylene,2-Hydroxy-4-methoxybenzophenone,Maleic anhydride,0.97,0.87,312484.0,6.78,198.4,8.9,64.0,90.4,4.38,3790.0,180.4,Op-C,Line-2,56.8,26.7,Q-057,0.4408,48.02,88.61,
PF-0453,Poly(methyl methacrylate),Stearic acid,None,2.56,0.0,184427.0,15.42,210.7,5.1,356.0,,3.86,2801.0,144.8,Op-B,Line-3,35.2,18.0,Q-010,0.2101,,96.62,346.321
PF-0454,Polypropylene,Benzophenone,Pentaerythritol,2.33,0.11,398384.0,14.5,187.8,15.9,360.0,30.6,1.82,3822.0,145.2,Op-B,Line-1,20.9,27.3,Q-041,0.9365,,88.71,1242.532
PF-0455,Polystyrene,Talc,None,11.17,0.0,319374.0,18.12,237.2,18.7,371.0,12.9,4.48,2385.0,225.9,Op-B,Line-1,29.4,,Q-037,0.9503,59.14,61.03,
PF-0456,Polypropylene,Triacetin,Zinc stearate,5.45,0.99,368847.0,0.44,216.1,2.4,205.0,98.6,4.48,1385.0,111.2,Op-A,Line-3,52.4,24.5,Q-027,0.3383,43.53,88.97,2031.657
PF-0457,Poly(methyl methacrylate),Dibutyl phthalate,None,16.42,0.0,169407.0,11.8,229.4,29.5,76.0,52.9,2.34,417.0,201.8,Op-F,Line-2,53.6,18.5,Q-056,0.9387,61.73,95.33,440.789
PF-0458,Nylon 6,Glycerol,Zinc stearate,13.25,0.23,23556.0,7.56,250.7,22.4,125.0,,4.29,,19.2,Op-C,Line-3,33.4,27.1,Q-017,0.1127,81.93,91.26,43.664
PF-0459,Poly(vinyl chloride),Erucamide,Sorbitol,0.57,1.79,88302.0,4.47,173.0,12.2,161.0,37.7,3.87,1805.0,248.6,Op-A,Line-2,58.1,19.2,Q-043,0.6492,,83.58,114.71
PF-0460,Poly(lactic acid),Titanium dioxide,Maleic anhydride,16.13,1.56,150675.0,15.58,202.8,3.5,360.0,30.2,3.75,2366.0,52.1,Op-A,Line-1,24.6,28.1,Q-039,0.0492,67.89,48.95,207.062
PF-0461,Polyethylene,Acetyl tributyl citrate,Pentaerythritol,10.89,1.32,173542.0,6.36,180.2,6.4,345.0,38.8,4.6,,177.1,Op-A,Line-2,,23.1,Q-043,0.5539,24.68,90.77,
PF-0462,Poly(lactic acid),Stearic acid,None,0.89,0.0,161935.0,14.55,209.5,15.0,364.0,60.6,1.64,534.0,39.0,Op-E,Line-1,61.6,21.2,Q-054,0.0194,63.69,91.46,
PF-0463,Polystyrene,Benzophenone,Pentaerythritol,2.98,0.95,246999.0,10.24,216.7,28.0,392.0,18.2,3.51,4026.0,133.4,Op-E,Line-1,46.8,26.9,Q-020,0.8471,60.6,94.89,
PF-0464,Poly(lactic acid),Calcium carbonate,Sorbitol,11.37,1.58,119931.0,5.26,166.1,29.9,297.0,98.7,2.74,1675.0,297.0,Op-B,Line-3,66.5,27.3,Q-044,0.5463,55.54,,387.393
PF-0465,Polypropylene,Benzophenone,None,1.72,0.0,317929.0,4.64,192.1,25.5,94.0,66.8,4.82,1995.0,81.3,Op-A,Line-3,33.3,,Q-041,0.1985,,92.94,782.524
PF-0466,Poly(vinyl alcohol),Butylated hydroxytoluene,Sorbitol,0.43,1.08,100652.0,9.27,201.2,17.1,360.0,57.8,4.85,298.0,130.3,Op-F,Line-1,23.8,28.5,Q-033,0.1525,93.02,98.78,2.119
PF-0467,Poly(ethylene terephthalate),Calcium carbonate,None,5.2,0.0,69459.0,10.69,265.9,5.8,246.0,45.5,1.88,1847.0,125.7,Op-B,Line-2,46.1,23.5,Q-021,0.0019,91.44,,46.97
PF-0468,Polypropylene,Benzophenone,None,2.78,0.0,228786.0,6.28,217.4,23.6,200.0,97.9,1.09,1420.0,204.0,Op-A,Line-1,35.3,22.5,Q-004,0.7556,40.2,92.5,1173.29
PF-0469,Polyethylene,Triacetin,None,12.42,,88029.0,2.1,172.6,13.0,,23.5,1.99,789.0,97.0,Op-D,Line-3,25.9,18.2,Q-030,0.2726,18.93,90.39,2692.609
PF-0470,Polypropylene,Butylated hydroxytoluene,Zinc stearate,0.4,0.33,329015.0,8.33,240.0,3.1,129.0,36.7,,3480.0,86.5,Op-A,Line-3,23.4,21.5,Q-005,0.7724,25.54,,1647.987
PF-0471,Polypropylene,Titanium dioxide,Zinc stearate,4.82,1.26,150235.0,2.49,174.8,14.2,306.0,23.0,,4774.0,103.5,Op-B,Line-2,41.8,26.7,Q-021,0.2404,28.93,77.21,877.75
PF-0472,Poly(vinyl chloride),Talc,Maleic anhydride,7.35,2.6,90337.0,1.04,181.7,2.3,209.0,70.7,2.39,853.0,62.4,Op-C,Line-3,68.0,27.2,Q-003,0.4713,60.43,71.84,60.933
PF-0473,Polyethylene,Titanium dioxide,Pentaerythritol,13.4,0.26,194868.0,11.33,193.6,7.6,100.0,96.6,3.94,1953.0,196.9,Op-D,Line-3,22.7,21.6,Q-007,0.7217,27.29,55.26,815.181
PF-0474,Poly(lactic acid),Titanium dioxide,Sorbitol,10.28,,108808.0,5.0,177.8,11.3,202.0,77.7,4.05,4502.0,18.9,Op-D,Line-1,54.1,20.2,Q-041,0.5673,66.16,67.85,
PF-0475,Poly(methyl methacrylate),Butylated hydroxytoluene,Sorbitol,0.63,1.26,83330.0,6.65,224.0,5.3,304.0,81.6,4.71,3994.0,,Op-D,Line-3,50.3,23.0,Q-017,0.657,79.97,92.6,398.677
PF-0476,Polycarbonate,Benzophenone,None,0.63,0.0,59987.0,1.68,272.4,28.2,301.0,53.3,2.16,188.0,287.7,Op-A,Line-2,64.6,24.2,Q-020,0.8232,74.85,91.02,1038.654
PF-0477,Poly(ethylene terephthalate),Stearic acid,Sorbitol,1.21,0.23,67627.0,9.77,253.7,17.7,121.0,59.4,5.0,2027.0,250.4,Op-F,Line-3,23.9,29.0,Q-037,0.4902,93.67,90.5,35.385
PF-0478,Poly(lactic acid),Glycerol,None,12.66,0.0,139610.0,1.09,221.4,15.2,204.0,63.8,4.17,1051.0,15.3,Op-B,Line-3,43.6,21.6,Q-043,0.7113,47.0,84.67,723.764
PF-0479,Polystyrene,Calcium carbonate,Zinc stearate,24.4,0.46,324113.0,14.82,201.7,5.9,136.0,64.6,2.36,3110.0,297.4,Op-C,Line-2,59.1,21.0,Q-022,0.1464,51.14,45.71,849.716
PF-0480,Poly(methyl methacrylate),Erucamide,Maleic anhydride,0.56,2.2,169284.0,9.95,213.4,5.4,,90.9,3.61,3833.0,250.9,Op-B,Line-1,55.9,26.1,Q-032,0.7133,81.99,95.79,473.338
PF-0481,Poly(vinyl alcohol),Butylated hydroxytoluene,Sorbitol,0.3,1.29,72688.0,8.72,197.0,7.6,190.0,55.5,1.58,2437.0,230.0,Op-F,Line-3,58.3,24.2,Q-016,0.8166,76.37,95.4,2.892
PF-0482,Poly(vinyl chloride),Erucamide,Maleic anhydride,0.33,2.23,102760.0,19.5,182.3,20.6,314.0,73.1,1.04,4044.0,120.2,Op-D,Line-3,59.7,27.4,Q-022,0.8565,65.97,83.26,154.111
PF-0483,Polyethylene,Erucamide,Pentaerythritol,1.74,0.32,87339.0,12.14,175.0,6.9,55.0,73.3,4.82,3898.0,70.2,Op-A,Line-1,58.3,21.7,Q-035,0.4479,21.15,89.16,1549.786
PF-0484,Poly(vinyl chloride),Stearic acid,None,2.01,0.0,,3.36,185.2,5.7,55.0,58.6,2.65,4941.0,293.6,Op-C,Line-1,34.5,23.6,Q-020,0.9578,59.21,,92.953
PF-0485,Nylon 6,Butylated hydroxytoluene,None,0.65,0.0,31688.0,,249.4,5.4,136.0,70.4,1.93,2512.0,145.0,Op-D,Line-2,65.9,19.7,Q-033,0.6571,84.02,88.1,49.955
PF-0486,Polyethylene,Talc,None,4.77,0.0,143954.0,12.36,182.0,16.5,72.0,90.4,4.86,1885.0,97.0,Op-E,Line-1,23.2,18.7,Q-056,0.9177,34.51,78.7,845.426
PF-0487,Polyethylene,Butylated hydroxytoluene,None,0.7,0.0,213429.0,0.61,179.9,21.5,125.0,55.7,2.97,1493.0,86.4,Op-C,Line-2,64.0,24.0,Q-014,0.396,30.99,89.21,2231.436
PF-0488,Polystyrene,2-Hydroxy-4-methoxybenzophenone,None,1.77,,262416.0,3.84,218.6,13.7,89.0,49.7,4.57,4587.0,263.7,Op-C,Line-2,33.4,19.1,Q-043,0.4266,64.72,94.61,1520.721
PF-0489,Poly(vinyl alcohol),Acetyl tributyl citrate,Zinc stearate,20.06,0.97,43713.0,17.58,206.5,2.3,211.0,51.6,1.97,2510.0,297.7,Op-A,Line-2,50.3,20.1,Q-034,0.7313,58.5,93.5,5.236
PF-0490,Polypropylene,Stearic acid,Pentaerythritol,1.79,1.42,308897.0,11.33,215.3,11.9,210.0,75.5,2.2,3246.0,145.7,Op-E,Line-1,30.4,24.3,Q-058,0.2363,39.8,92.37,1676.722
PF-0491,Poly(ethylene terephthalate),Glycerol,Pentaerythritol,10.02,0.18,41051.0,6.24,261.3,11.0,,58.3,4.06,137.0,222.9,Op-C,Line-2,46.2,25.2,Q-004,0.6953,,91.51,33.665
PF-0492,Poly(vinyl alcohol),Calcium carbonate,None,21.28,0.0,107589.0,2.75,205.8,7.0,101.0,35.0,4.73,2977.0,290.8,Op-C,Line-3,56.1,26.9,Q-004,0.6114,86.71,59.7,1.428
PF-0493,Polypropylene,Butylated hydroxytoluene,Sorbitol,0.68,,220630.0,9.62,202.1,24.7,107.0,26.4,3.57,1386.0,146.2,Op-B,Line-3,,27.9,Q-057,0.9996,50.5,88.49,1272.989
PF-0494,Polystyrene,Calcium carbonate,Pentaerythritol,,0.82,344424.0,,217.4,20.5,,52.2,4.83,4495.0,267.4,Op-D,Line-2,49.7,23.1,Q-017,0.2003,71.67,51.55,915.983
PF-0495,Poly(ethylene terephthalate),Dibutyl phthalate,Maleic anhydride,14.91,2.64,65562.0,10.52,258.9,7.9,263.0,63.8,4.72,2091.0,196.5,Op-E,Line-2,52.9,19.2,Q-017,0.9589,86.12,91.89,61.766
PF-0496,Polyethylene,2-Hydroxy-4-methoxybenzophenone,None,2.67,0.0,100633.0,19.9,,8.2,198.0,80.0,2.11,1831.0,212.7,Op-B,Line-2,54.0,28.5,Q-006,0.2552,15.15,,2927.267
PF-0497,Polycarbonate,Titanium dioxide,Zinc stearate,8.49,0.49,35764.0,4.67,285.3,25.0,55.0,75.0,3.92,1916.0,82.3,Op-C,Line-1,28.9,27.1,Q-026,0.0258,72.99,72.89,588.852
PF-0498,Polypropylene,Dibutyl phthalate,None,,0.0,386493.0,9.93,188.8,28.2,292.0,55.8,1.22,2273.0,60.1,Op-B,Line-1,50.2,29.9,Q-001,0.3003,35.87,90.22,1685.961
PF-0499,Poly(methyl methacrylate),Irganox 1010,Maleic anhydride,0.37,2.24,193525.0,2.56,219.5,,196.0,40.6,2.36,4873.0,295.8,Op-B,Line-3,26.1,19.5,Q-026,0.9837,81.67,93.47,324.67
PF-0500,Polyethylene,Erucamide,None,0.35,0.0,164362.0,12.86,181.0,5.3,88.0,29.7,3.86,4282.0,178.9,Op-A,Line-1,20.6,18.4,Q-020,0.5381,26.83,87.37,1372.578
